A.H3K27ac.intersect.value	CLL.A34024.CEMT_4.H3K27ac.hg38.A34024_2_lanes_dupsFlagged.FindER2.bed.remDups.bed.intersect.value	CLL.A34040.CEMT_5.H3K27ac.hg38.A34040_2_lanes_dupsFlagged.FindER2.bed.remDups.bed.intersect.value	CLL.A34079.CEMT_6.H3K27ac.hg38.A34079_3_lanes_dupsFlagged.FindER2.bed.remDups.bed.intersect.value	CLL.A34943.CEMT_26.H3K27ac.hg38.A34943_2_lanes_dupsFlagged.FindER2.bed.remDups.bed.intersect.value	CLL.A34950.CEMT_27.H3K27ac.hg38.A34950_2_lanes_dupsFlagged.FindER2.bed.remDups.bed.intersect.value	CLL.A34957.CEMT_28.H3K27ac.hg38.A34957_2_lanes_dupsFlagged.FindER2.bed.remDups.bed.intersect.value	CLL.A34964.CEMT_29.H3K27ac.hg38.A34964_2_lanes_dupsFlagged.FindER2.bed.remDups.bed.intersect.value	CLL.A35241.CEMT_25.H3K27ac.hg38.A35241_2_lanes_dupsFlagged.FindER2.bed.remDups.bed.intersect.value	CLL.A35248.CEMT_30.H3K27ac.hg38.A35248_2_lanes_dupsFlagged.FindER2.bed.remDups.bed.intersect.value	CLL.A60648.CEMT_94.H3K27ac.hg38.A60648_2_lanes_dupsFlagged.FindER2.bed.remDups.bed.intersect.value	CLL.A60655.CEMT_95.H3K27ac.hg38.bwa-sb.IX4413.C958UANXX_6_CGATGT.FindER2.bed.remDups.bed.intersect.value	CLL.A60662.CEMT_96.H3K27ac.hg38.A60662_2_lanes_dupsFlagged.FindER2.bed.remDups.bed.intersect.value	CLL.A60665.CEMT_97.H3K27ac.hg38.A60665_2_lanes_dupsFlagged.FindER2.bed.remDups.bed.intersect.value	EGAN00001091897_EGAX00001292140_merged3runs_NBC_H3K27ac_SINGLE.FindER2.bed.intersect.value	EGAN00001095818_EGAX00001171888_EGAR00001185077_NBC_H3K27ac_SINGLE.FindER2.bed.intersect.value	EGAN00001107643_EGAX00001262410_merged3runs_NBC_H3K27ac_SINGLE.FindER2.bed.intersect.value	EGAN00001173679_EGAX00001171931_EGAR00001185099_NBC_H3K27ac_SINGLE.FindER2.bed.intersect.value	EGAN00001202786_EGAX00001323207_EGAR00001352519_CLL_H3K27ac_SINGLE.FindER2.bed.intersect.value	EGAN00001202787_EGAX00001291854_EGAR00001320581_CLL_H3K27ac_SINGLE.FindER2.bed.intersect.value	EGAN00001202788_EGAX00001323206_merged2runs_CLL_H3K27ac_SINGLE.FindER2.bed.intersect.value	EGAN00001202789_EGAX00001272612_merged2runs_CLL_H3K27ac_SINGLE.FindER2.bed.intersect.value	EGAN00001235813_EGAX00001272611_EGAR00001300038_CLL_H3K27ac_SINGLE.FindER2.bed.intersect.value	EGAN00001258588_EGAX00001326442_EGAR00001355793_csMBC_H3K27ac_SINGLE.FindER2.bed.intersect.value	EGAN00001265738_EGAX00001272593_EGAR00001300027_PBC_H3K27ac_SINGLE.FindER2.bed.intersect.value	EGAN00001265740_EGAX00001272614_EGAR00001300041_GCBC_H3K27ac_SINGLE.FindER2.bed.intersect.value	EGAN00001265741_EGAX00001272622_EGAR00001300049_NBC_H3K27ac_SINGLE.FindER2.bed.intersect.value	EGAN00001265743_EGAX00001272705_EGAR00001300110_NBC_H3K27ac_SINGLE.FindER2.bed.intersect.value	EGAN00001265744_EGAX00001272687_EGAR00001300080_NBC_H3K27ac_SINGLE.FindER2.bed.intersect.value	EGAN00001265748_EGAX00001272662_EGAR00001300009_PBC_H3K27ac_SINGLE.FindER2.bed.intersect.value	EGAN00001265749_EGAX00001272651_EGAR00001299998_GCBC_H3K27ac_SINGLE.FindER2.bed.intersect.value	EGAN00001265750_EGAX00001272616_EGAR00001300043_CLL_H3K27ac_SINGLE.FindER2.bed.intersect.value	EGAN00001274157_EGAX00001419386_merged2runs_MBC_H3K27ac_PAIRED.FindER2.bed.intersect.value	EGAN00001276794_EGAX00001304979_EGAR00001334462_NBC_H3K27ac_SINGLE.MACS2NoInput.bed.intersect.value	EGAN00001276795_EGAX00001304980_EGAR00001334463_NBC_H3K27ac_SINGLE.FindER2.bed.intersect.value	EGAN00001276796_EGAX00001304982_EGAR00001334465_PBC_H3K27ac_SINGLE.FindER2.bed.intersect.value	EGAN00001276797_EGAX00001304985_EGAR00001334468_GCBC_H3K27ac_SINGLE.FindER2.bed.intersect.value	EGAN00001277490_EGAX00001305088_EGAR00001334367_csMBC_H3K27ac_SINGLE.FindER2.bed.intersect.value	EGAN00001277491_EGAX00001326439_EGAR00001355790_csMBC_H3K27ac_SINGLE.FindER2.bed.intersect.value	EGAN00001277492_EGAX00001305081_EGAR00001334360_NBC_H3K27ac_SINGLE.FindER2.bed.intersect.value	EGAN00001295796_EGAX00001326618_EGAR00001355764_CLL_H3K27ac_SINGLE.FindER2.bed.intersect.value	EGAN00001295800_EGAX00001326494_EGAR00001355781_NBC_H3K27ac_SINGLE.FindER2.bed.intersect.value	EGAN00001295805_EGAX00001326424_merged2runs_NBC_H3K27ac_SINGLE.MACS2NoInput.bed.intersect.value	EGAN00001295809_EGAX00001326625_EGAR00001355771_CLL_H3K27ac_SINGLE.FindER2.bed.intersect.value	EGAN00001295810_EGAX00001326563_EGAR00001355718_CLL_H3K27ac_SINGLE.FindER2.bed.intersect.value	EGAN00001295811_EGAX00001326564_EGAR00001355719_CLL_H3K27ac_SINGLE.FindER2.bed.intersect.value	EGAN00001295812_EGAX00001326581_EGAR00001355831_CLL_H3K27ac_SINGLE.FindER2.bed.intersect.value	EGAN00001295813_EGAX00001326565_EGAR00001355720_CLL_H3K27ac_SINGLE.FindER2.bed.intersect.value	EGAN00001295814_EGAX00001326580_EGAR00001355830_CLL_H3K27ac_SINGLE.FindER2.bed.intersect.value	EGAN00001295815_EGAX00001326491_EGAR00001355778_usMBC_H3K27ac_SINGLE.FindER2.bed.intersect.value	EGAN00001358481_EGAX00001365725_EGAR00001403108_CLL_H3K27ac_SINGLE.MACS2NoInput.bed.intersect.value	EGAN00001358483_EGAX00001401748_merged2runs_CLL_H3K27ac_SINGLE.MACS2NoInput.bed.intersect.value	EGAN00001358486_EGAX00001365866_EGAR00001403241_CLL_H3K27ac_SINGLE.MACS2NoInput.bed.intersect.value	EGAN00001358487_EGAX00001365781_EGAR00001403079_CLL_H3K27ac_SINGLE.MACS2NoInput.bed.intersect.value	EGAN00001358489_EGAX00001365865_EGAR00001403240_CLL_H3K27ac_SINGLE.MACS2NoInput.bed.intersect.value	EGAN00001358494_EGAX00001365761_EGAR00001403146_CLL_H3K27ac_SINGLE.MACS2NoInput.bed.intersect.value	EGAN00001358496_EGAX00001401752_merged2runs_CLL_H3K27ac_SINGLE.MACS2NoInput.bed.intersect.value	EGAN00001358497_EGAX00001365823_EGAR00001403198_CLL_H3K27ac_SINGLE.MACS2NoInput.bed.intersect.value	EGAN00001358499_EGAX00001371138_merged2runs_CLL_H3K27ac_SINGLE.MACS2NoInput.bed.intersect.value	EGAN00001358503_EGAX00001365819_EGAR00001403194_CLL_H3K27ac_SINGLE.MACS2NoInput.bed.intersect.value	EGAN00001358504_EGAX00001365726_EGAR00001403109_CLL_H3K27ac_SINGLE.MACS2NoInput.bed.intersect.value	EGAN00001358506_EGAX00001365703_EGAR00001403053_CLL_H3K27ac_SINGLE.MACS2NoInput.bed.intersect.value	EGAN00001358507_EGAX00001365757_EGAR00001403142_CLL_H3K27ac_SINGLE.MACS2NoInput.bed.intersect.value	EGAN00001358510_EGAX00001365762_EGAR00001403147_CLL_H3K27ac_SINGLE.MACS2NoInput.bed.intersect.value	EGAN00001358511_EGAX00001365758_EGAR00001403143_CLL_H3K27ac_SINGLE.MACS2NoInput.bed.intersect.value	EGAN00001358512_EGAX00001365727_EGAR00001403110_CLL_H3K27ac_SINGLE.MACS2NoInput.bed.intersect.value	EGAN00001358514_EGAX00001365869_EGAR00001403244_CLL_H3K27ac_SINGLE.FindER2.bed.intersect.value	EGAN00001358516_EGAX00001365825_EGAR00001403200_CLL_H3K27ac_SINGLE.MACS2NoInput.bed.intersect.value	EGAN00001358518_EGAX00001365759_EGAR00001403144_CLL_H3K27ac_SINGLE.MACS2NoInput.bed.intersect.value	EGAN00001358519_EGAX00001365728_EGAR00001403111_CLL_H3K27ac_SINGLE.MACS2NoInput.bed.intersect.value	EGAN00001358521_EGAX00001365763_EGAR00001403148_CLL_H3K27ac_SINGLE.MACS2NoInput.bed.intersect.value	EGAN00001358523_EGAX00001365702_EGAR00001403052_CLL_H3K27ac_SINGLE.MACS2NoInput.bed.intersect.value	EGAN00001358526_EGAX00001365760_EGAR00001403145_CLL_H3K27ac_SINGLE.MACS2NoInput.bed.intersect.value	EGAN00001358531_EGAX00001365820_EGAR00001403195_CLL_H3K27ac_SINGLE.MACS2NoInput.bed.intersect.value	EGAN00001358534_EGAX00001365704_EGAR00001403054_CLL_H3K27ac_SINGLE.MACS2NoInput.bed.intersect.value	EGAN00001358535_EGAX00001365705_EGAR00001403055_CLL_H3K27ac_SINGLE.MACS2NoInput.bed.intersect.value	EGAN00001358537_EGAX00001379555_EGAR00001416638_CLL_H3K27ac_SINGLE.MACS2NoInput.bed.intersect.value	EGAN00001358538_EGAX00001401750_merged2runs_CLL_H3K27ac_SINGLE.FindER2.bed.intersect.value	EGAN00001358539_EGAX00001365756_EGAR00001403141_CLL_H3K27ac_SINGLE.MACS2NoInput.bed.intersect.value	EGAN00001358541_EGAX00001365868_EGAR00001403243_CLL_H3K27ac_SINGLE.MACS2NoInput.bed.intersect.value	EGAN00001358545_EGAX00001379581_EGAR00001416686_CLL_H3K27ac_SINGLE.MACS2NoInput.bed.intersect.value	EGAN00001358546_EGAX00001365818_EGAR00001403266_CLL_H3K27ac_SINGLE.MACS2NoInput.bed.intersect.value	EGAN00001358548_EGAX00001401751_merged2runs_CLL_H3K27ac_SINGLE.MACS2NoInput.bed.intersect.value	EGAN00001358551_EGAX00001365834_EGAR00001403209_CLL_H3K27ac_SINGLE.MACS2NoInput.bed.intersect.value	EGAN00001358553_EGAX00001365824_EGAR00001403199_CLL_H3K27ac_SINGLE.MACS2NoInput.bed.intersect.value	EGAN00001358554_EGAX00001365835_EGAR00001403210_CLL_H3K27ac_SINGLE.MACS2NoInput.bed.intersect.value	EGAN00001358558_EGAX00001401749_merged2runs_CLL_H3K27ac_SINGLE.FindER2.bed.intersect.value	EGAN00001358559_EGAX00001379558_EGAR00001416641_CLL_H3K27ac_SINGLE.MACS2NoInput.bed.intersect.value	EGAN00001358559_EGAX00001379582_EGAR00001416685_CLL_H3K27ac_SINGLE.MACS2NoInput.bed.intersect.value	EGAN00001358560_EGAX00001365813_EGAR00001403261_CLL_H3K27ac_SINGLE.MACS2NoInput.bed.intersect.value	EGAN00001358562_EGAX00001365783_EGAR00001403113_CLL_H3K27ac_SINGLE.FindER2.bed.intersect.value	EGAN00001358563_EGAX00001365724_EGAR00001403107_CLL_H3K27ac_SINGLE.MACS2NoInput.bed.intersect.value	EGAN00001359911_EGAX00001365867_EGAR00001403242_CLL_H3K27ac_SINGLE.MACS2NoInput.bed.intersect.value	EGAN00001359912_EGAX00001365843_EGAR00001403218_CLL_H3K27ac_SINGLE.MACS2NoInput.bed.intersect.value	EGAN00001360098_EGAX00001379559_EGAR00001416642_CLL_H3K27ac_SINGLE.FindER2.bed.intersect.value	EGAN00001360100_EGAX00001379561_EGAR00001416644_CLL_H3K27ac_SINGLE.MACS2NoInput.bed.intersect.value	EGAN00001360102_EGAX00001379574_EGAR00001416657_CLL_H3K27ac_SINGLE.MACS2NoInput.bed.intersect.value	EGAN00001360104_EGAX00001379571_EGAR00001416654_CLL_H3K27ac_SINGLE.MACS2NoInput.bed.intersect.value	EGAN00001360106_EGAX00001371742_EGAR00001409099_CLL_H3K27ac_SINGLE.MACS2NoInput.bed.intersect.value	EGAN00001360108_EGAX00001371743_EGAR00001409100_CLL_H3K27ac_SINGLE.MACS2NoInput.bed.intersect.value	EGAN00001360112_EGAX00001371745_EGAR00001409102_CLL_H3K27ac_SINGLE.MACS2NoInput.bed.intersect.value	EGAN00001360114_EGAX00001371746_EGAR00001409103_CLL_H3K27ac_SINGLE.MACS2NoInput.bed.intersect.value	EGAN00001360116_EGAX00001379560_EGAR00001416643_CLL_H3K27ac_SINGLE.FindER2.bed.intersect.value	EGAN00001360118_EGAX00001371747_EGAR00001409104_CLL_H3K27ac_SINGLE.MACS2NoInput.bed.intersect.value	EGAN00001360120_EGAX00001371748_EGAR00001409105_CLL_H3K27ac_SINGLE.MACS2NoInput.bed.intersect.value	EGAN00001360122_EGAX00001379567_EGAR00001416650_CLL_H3K27ac_SINGLE.MACS2NoInput.bed.intersect.value	EGAN00001360124_EGAX00001371722_EGAR00001409129_CLL_H3K27ac_SINGLE.MACS2NoInput.bed.intersect.value	EGAN00001360126_EGAX00001401754_EGAR00001439448_CLL_H3K27ac_SINGLE.MACS2NoInput.bed.intersect.value	EGAN00001360129_EGAX00001371749_EGAR00001409106_CLL_H3K27ac_SINGLE.MACS2NoInput.bed.intersect.value	EGAN00001360131_EGAX00001379565_EGAR00001416648_CLL_H3K27ac_SINGLE.MACS2NoInput.bed.intersect.value	EGAN00001360133_EGAX00001371724_EGAR00001409131_CLL_H3K27ac_SINGLE.MACS2NoInput.bed.intersect.value	EGAN00001360135_EGAX00001401753_EGAR00001439447_CLL_H3K27ac_SINGLE.MACS2NoInput.bed.intersect.value	EGAN00001360137_EGAX00001379570_EGAR00001416653_CLL_H3K27ac_SINGLE.MACS2NoInput.bed.intersect.value	EGAN00001360140_EGAX00001371730_EGAR00001409137_CLL_H3K27ac_SINGLE.MACS2NoInput.bed.intersect.value	EGAN00001360142_EGAX00001371139_EGAR00001452066_CLL_H3K27ac_SINGLE.MACS2NoInput.bed.intersect.value	EGAN00001360142_EGAX00001379555_EGAR00001416638_CLL_H3K27ac_SINGLE.MACS2NoInput.bed.intersect.value	EGAN00001360144_EGAX00001371725_EGAR00001409132_CLL_H3K27ac_SINGLE.MACS2NoInput.bed.intersect.value	EGAN00001360146_EGAX00001371726_EGAR00001409133_CLL_H3K27ac_SINGLE.MACS2NoInput.bed.intersect.value	EGAN00001360148_EGAX00001379562_EGAR00001416645_CLL_H3K27ac_SINGLE.FindER2.bed.intersect.value	EGAN00001360150_EGAX00001379568_EGAR00001416651_CLL_H3K27ac_SINGLE.MACS2NoInput.bed.intersect.value	EGAN00001360153_EGAX00001371751_EGAR00001409108_CLL_H3K27ac_SINGLE.MACS2NoInput.bed.intersect.value	EGAN00001360155_EGAX00001365842_EGAR00001403217_CLL_H3K27ac_SINGLE.MACS2NoInput.bed.intersect.value	EGAN00001360157_EGAX00001403107_EGAR00001440673_CLL_H3K27ac_SINGLE.MACS2NoInput.bed.intersect.value	EGAN00001360159_EGAX00001371721_EGAR00001409128_CLL_H3K27ac_SINGLE.MACS2NoInput.bed.intersect.value	EGAN00001360161_EGAX00001365844_EGAR00001403219_CLL_H3K27ac_SINGLE.MACS2NoInput.bed.intersect.value	EGAN00001360165_EGAX00001379557_EGAR00001416640_CLL_H3K27ac_SINGLE.MACS2NoInput.bed.intersect.value	EGAN00001360166_EGAX00001365845_EGAR00001403220_CLL_H3K27ac_SINGLE.MACS2NoInput.bed.intersect.value	EGAN00001360169_EGAX00001403108_EGAR00001440674_CLL_H3K27ac_SINGLE.MACS2NoInput.bed.intersect.value	EGAN00001360171_EGAX00001371750_EGAR00001409107_CLL_H3K27ac_SINGLE.MACS2NoInput.bed.intersect.value	EGAN00001360172_EGAX00001379575_EGAR00001416658_CLL_H3K27ac_SINGLE.MACS2NoInput.bed.intersect.value	EGAN00001360174_EGAX00001379573_EGAR00001416656_CLL_H3K27ac_SINGLE.MACS2NoInput.bed.intersect.value	EGAN00001360178_EGAX00001379579_EGAR00001416662_CLL_H3K27ac_SINGLE.MACS2NoInput.bed.intersect.value	EGAN00001360183_EGAX00001379580_EGAR00001416663_CLL_H3K27ac_SINGLE.MACS2NoInput.bed.intersect.value	EGAN00001360184_EGAX00001401914_merged2runs_CLL_H3K27ac_SINGLE.MACS2NoInput.bed.intersect.value	EGAN00001360186_EGAX00001379576_EGAR00001416659_CLL_H3K27ac_SINGLE.MACS2NoInput.bed.intersect.value	EGAN00001360187_EGAX00001379556_EGAR00001416639_CLL_H3K27ac_SINGLE.MACS2NoInput.bed.intersect.value	EGAN00001360188_EGAX00001379569_EGAR00001416652_CLL_H3K27ac_SINGLE.MACS2NoInput.bed.intersect.value	EGAN00001360189_EGAX00001371744_EGAR00001409101_CLL_H3K27ac_SINGLE.MACS2NoInput.bed.intersect.value	EGAN00001360193_EGAX00001379577_EGAR00001416660_CLL_H3K27ac_SINGLE.MACS2NoInput.bed.intersect.value	EGAN00001360194_EGAX00001371729_EGAR00001409136_CLL_H3K27ac_SINGLE.MACS2NoInput.bed.intersect.value	EGAN00001360196_EGAX00001371723_EGAR00001409130_CLL_H3K27ac_SINGLE.MACS2NoInput.bed.intersect.value	EGAN00001360197_EGAX00001371728_EGAR00001409135_CLL_H3K27ac_SINGLE.MACS2NoInput.bed.intersect.value	EGAN00001360200_EGAX00001379558_EGAR00001416641_CLL_H3K27ac_SINGLE.MACS2NoInput.bed.intersect.value	EGAN00001360200_EGAX00001379582_EGAR00001416685_CLL_H3K27ac_SINGLE.MACS2NoInput.bed.intersect.value	EGAN00001360201_EGAX00001365846_EGAR00001403221_CLL_H3K27ac_SINGLE.MACS2NoInput.bed.intersect.value	GCBC.A68891.CEMT_129.H3K27ac.hg38.bwa-sb.IX5130.CAVYBANXX_8_ATCTAT.FindER2.bed.remDups.bed.intersect.value	GCBC.A70853.CEMT_134.H3K27ac.125nt.hg38.FindER2.bed.remDups.bed.intersect.value	GCBC.A70860.CEMT_135.H3K27ac_1_lane_dupsFlagged.FindER2.bed.remDups.bed.intersect.value	GCBC.A70881.CEMT_138.H3K27ac_1_lane_dupsFlagged.FindER2.bed.remDups.bed.intersect.value
chr1_8496700_8497000	0	275	300	275	200	300	0	300	275	300	0	175	0	300	300	300	300	125	125	0	300	300	300	300	300	300	300	300	300	300	300	300	83	300	300	300	300	300	300	300	300	0	0	0	300	300	0	0	300	0	0	0	0	0	155	0	0	0	0	0	0	0	0	0	0	300	0	0	0	0	0	0	0	0	0	0	0	0	0	0	0	300	0	0	0	300	295	11	0	300	0	0	0	300	0	0	0	0	0	0	0	300	0	0	0	0	0	0	0	0	0	0	106	0	0	0	0	300	0	0	86	0	0	0	7	0	0	0	0	0	0	0	0	0	300	0	0	0	0	0	0	295	11	0	300	300	300	300
chr1_16608400_16608800	350	400	125	400	400	400	200	400	400	400	400	0	400	400	400	275	400	400	0	0	400	400	350	400	400	400	0	0	0	350	50	125	0	400	400	400	400	400	400	400	400	0	0	400	0	0	0	400	400	0	0	0	0	0	0	0	0	0	0	0	0	0	0	0	0	0	0	0	0	0	0	0	0	0	0	0	0	0	0	0	0	0	0	0	0	400	0	0	0	350	0	0	0	0	0	0	0	0	0	0	0	0	0	0	0	0	0	0	0	0	0	0	0	0	0	0	0	0	0	0	0	0	0	0	0	0	0	0	0	0	0	0	0	0	0	0	0	0	0	0	0	0	0	0	0	400	0	0
chr1_151539600_151539900	0	150	225	300	0	300	0	300	300	300	75	0	0	75	300	0	150	300	75	0	300	300	300	300	300	300	300	300	300	300	300	0	0	300	225	0	300	0	0	300	0	0	0	0	0	0	150	300	0	0	142	0	0	0	0	0	0	300	0	159	300	0	0	0	0	0	0	0	0	0	0	0	0	0	0	216	300	141	17	0	101	0	0	0	0	300	0	0	0	150	0	0	0	300	0	0	174	67	300	0	0	225	0	0	0	0	0	0	0	0	0	0	187	0	216	0	0	300	0	0	220	0	0	143	108	0	0	0	0	0	0	0	0	135	0	0	0	0	0	0	0	0	0	0	0	0	225	0
chr1_156753050_156753400	0	350	350	350	350	350	0	325	350	325	250	0	0	350	350	350	0	0	0	0	250	350	325	0	350	350	0	350	325	350	350	350	0	350	350	0	0	0	0	325	325	0	0	250	0	0	0	0	0	0	0	0	0	0	0	0	0	0	0	0	0	0	0	0	0	0	0	0	0	0	0	0	0	0	0	0	0	0	0	0	0	0	0	0	0	0	0	0	0	0	0	0	0	0	0	0	0	0	0	0	0	350	0	0	0	0	0	0	0	0	0	0	0	0	0	0	0	250	0	0	0	0	0	0	0	0	0	0	0	0	0	0	0	0	0	0	0	0	0	0	0	0	0	0	325	100	325	0
chr1_225842850_225843150	0	300	300	300	225	300	0	300	0	300	300	0	0	0	300	300	300	150	300	0	300	300	300	0	0	150	300	300	0	0	300	300	0	0	0	0	300	300	300	300	0	0	225	300	0	0	300	300	0	0	0	0	0	0	0	0	0	0	0	0	0	0	0	0	0	300	0	0	0	0	0	0	0	0	0	0	300	0	0	0	0	0	0	0	0	75	0	0	0	300	0	0	0	0	0	0	0	0	0	0	0	300	0	0	0	0	0	0	0	0	0	0	0	0	0	0	0	300	0	0	0	0	0	0	0	0	0	0	0	0	0	0	0	0	0	0	0	0	0	0	0	0	0	0	0	0	0	0
chr11_14319550_14319900	0	350	350	350	200	350	350	350	350	0	0	350	0	350	350	350	0	350	0	0	350	350	350	0	350	350	0	350	0	350	350	350	0	350	0	350	350	0	0	350	150	0	0	0	0	0	150	350	0	0	0	0	0	0	0	0	0	0	0	0	0	0	0	0	0	350	0	0	0	0	0	0	0	0	0	0	0	0	0	0	0	0	0	0	0	0	0	0	0	150	0	0	0	350	0	0	0	0	0	0	0	350	0	0	0	0	0	0	0	0	0	0	0	0	0	0	0	350	0	0	0	0	0	0	0	0	0	0	0	0	0	0	0	0	0	0	0	0	0	0	0	0	0	0	350	350	350	350
chr12_116879600_116880150	0	150	550	0	75	550	0	550	550	550	550	550	450	550	550	475	0	550	550	0	550	550	550	475	550	550	550	550	0	250	550	175	0	550	0	400	550	0	0	550	0	0	550	0	550	0	325	550	0	0	282	0	0	0	0	421	0	0	0	0	0	0	0	0	0	0	0	0	0	0	550	0	0	0	0	217	550	328	0	0	0	0	0	0	0	550	0	0	0	550	0	0	0	400	474	167	0	0	0	0	0	550	0	0	341	0	0	0	0	0	0	0	0	0	217	0	0	0	0	258	439	0	271	0	393	0	0	0	0	0	416	174	0	0	0	0	0	488	0	0	0	0	0	0	0	150	0	400
chr13_49625100_49625550	0	0	0	450	0	450	0	375	375	450	0	0	0	150	450	0	0	450	0	0	375	450	0	0	0	0	0	0	0	0	450	0	0	0	450	0	0	450	0	450	0	0	0	75	450	0	0	0	0	0	0	0	0	0	0	0	0	0	0	0	0	0	0	0	0	0	0	0	0	0	0	0	0	0	0	0	0	0	0	0	0	0	0	0	0	0	0	0	0	150	0	0	0	0	0	0	0	0	0	0	0	450	0	0	0	0	0	0	0	0	0	0	0	0	0	0	0	450	0	0	0	0	0	0	0	0	0	0	0	0	0	0	0	0	0	0	0	0	0	0	0	0	0	0	0	0	0	0
chr14_50827000_50827350	0	0	350	350	75	350	0	350	50	0	0	350	0	350	200	0	0	0	0	0	350	125	0	0	350	125	0	0	275	350	350	350	0	0	350	350	0	0	0	350	0	0	0	0	0	0	125	0	0	0	0	0	0	0	0	0	0	0	0	0	0	0	0	0	0	125	0	0	0	0	0	0	0	0	0	0	0	0	0	0	0	0	0	0	0	0	0	0	0	200	0	0	0	125	0	0	0	0	0	0	0	350	0	0	0	0	0	0	0	0	0	0	0	0	0	0	0	350	0	0	0	0	0	0	0	0	0	0	0	0	0	0	0	0	0	0	0	0	0	0	0	0	0	0	350	350	0	275
chr14_75438750_75439100	0	275	350	350	50	350	0	350	350	350	350	350	350	0	350	0	0	350	350	0	350	350	350	350	350	0	0	0	350	350	350	350	0	0	350	350	75	350	0	350	0	0	350	0	0	0	350	350	0	0	0	0	0	0	0	0	0	0	0	0	0	0	0	0	0	350	0	0	0	0	0	0	0	0	0	0	350	0	0	0	0	0	0	0	0	0	0	0	0	350	43	0	0	350	0	0	0	0	0	0	0	350	0	0	0	0	0	0	0	0	84	0	107	0	0	0	0	350	0	0	0	0	0	0	0	0	0	0	0	0	0	0	0	0	0	0	0	0	0	0	0	0	0	0	125	125	50	350
chr16_4364850_4365450	0	0	450	525	0	375	0	600	300	600	0	450	0	600	300	375	0	0	0	0	600	600	600	0	600	0	225	225	600	600	525	600	0	600	600	600	600	600	0	600	0	0	0	0	0	0	300	600	0	0	0	0	0	0	226	0	0	0	0	0	0	0	0	0	0	600	0	0	0	0	0	0	0	0	0	0	0	0	0	0	95	0	0	0	0	0	29	0	0	600	0	0	0	600	0	131	0	0	0	0	0	600	0	0	0	0	207	0	0	0	0	0	0	0	0	0	0	450	0	0	0	0	0	0	317	0	0	0	0	0	0	0	0	0	0	0	0	0	0	0	0	29	0	0	600	600	600	600
chr16_30456950_30457650	0	700	375	700	400	700	0	700	700	675	525	0	700	0	150	0	375	675	0	0	250	550	700	700	700	0	0	0	700	700	700	700	0	700	700	450	150	700	100	700	0	0	0	375	0	0	700	0	0	0	0	0	0	0	0	0	0	0	0	0	0	0	0	0	0	0	0	0	0	0	0	0	0	0	0	0	0	0	0	0	0	0	0	0	0	0	0	0	0	0	0	0	0	0	0	0	0	0	0	0	0	0	0	0	0	0	0	0	0	0	0	0	0	0	0	0	0	0	0	0	0	0	0	0	0	0	0	0	0	0	0	0	0	0	0	0	0	0	0	0	0	0	0	0	450	0	600	0
chr16_57026250_57026550	0	0	300	300	0	300	0	0	0	300	0	300	0	300	0	0	300	75	300	0	300	300	300	0	300	300	0	300	300	300	300	300	0	300	300	300	300	300	0	300	0	0	0	300	0	300	300	0	300	0	0	0	0	0	0	0	0	0	0	0	0	0	0	0	0	300	0	0	0	0	0	0	0	0	0	0	300	0	0	0	0	0	0	20	0	300	0	0	0	300	0	0	0	150	0	0	0	0	0	0	0	300	0	0	0	0	0	0	0	0	0	0	0	0	0	0	0	300	0	0	0	0	0	157	0	0	0	0	0	0	0	0	0	0	0	0	0	0	0	0	0	0	0	0	0	0	0	0
chr16_67484850_67485200	0	350	0	350	350	125	0	350	0	350	0	0	0	350	350	350	0	0	0	0	350	350	350	0	75	350	350	350	350	300	350	350	0	350	350	350	150	0	75	350	350	0	0	0	0	0	0	0	0	0	0	0	0	0	0	0	0	0	0	0	0	0	0	0	0	300	0	0	0	0	0	0	0	0	0	0	0	0	0	0	0	0	0	0	0	0	0	0	0	0	0	0	0	0	0	0	0	0	0	0	0	75	0	0	0	0	0	0	0	0	0	0	0	0	0	0	0	300	0	0	0	0	0	0	0	0	0	0	0	0	0	0	0	0	0	0	0	0	0	0	0	0	0	0	0	0	0	0
chr16_67991750_67992050	0	0	0	300	0	300	0	300	300	300	0	300	300	250	300	125	0	275	300	0	300	300	125	0	0	125	275	300	0	0	300	300	0	0	300	0	125	50	50	300	0	0	0	300	200	0	275	50	0	0	0	0	0	0	0	0	0	0	0	0	0	0	0	0	0	300	0	0	0	0	0	0	0	0	0	0	200	0	0	0	0	0	0	0	0	50	0	0	0	300	0	0	0	300	0	0	0	0	0	0	0	300	0	0	0	0	0	0	0	0	0	0	0	0	0	0	0	300	0	0	0	0	0	0	0	0	0	0	0	0	0	0	0	0	0	0	0	0	0	0	0	0	0	0	0	0	0	0
chr16_81865800_81866100	0	0	300	300	0	0	0	300	300	300	300	300	300	300	225	0	0	300	0	0	300	0	300	300	300	75	225	300	300	300	300	300	0	300	300	300	300	0	225	300	300	0	0	300	75	0	150	0	0	0	0	0	0	0	0	0	0	0	0	0	0	0	0	0	0	300	0	0	0	0	0	0	0	0	0	0	0	0	0	263	0	0	0	0	0	0	0	0	0	300	0	0	0	0	247	0	0	0	0	0	0	300	0	0	0	0	0	0	0	0	0	0	0	0	0	0	0	75	40	0	18	0	0	0	0	0	0	0	0	0	0	0	0	0	0	0	0	0	0	0	0	0	0	0	300	0	300	0
chr16_81919400_81919700	275	0	300	300	0	125	200	300	0	300	0	0	50	300	300	300	25	100	0	0	300	300	200	300	300	25	300	300	300	300	300	300	0	250	300	300	300	50	300	300	0	0	0	0	0	0	300	0	0	0	0	0	0	0	0	0	0	0	0	0	0	0	0	0	0	300	0	0	0	0	0	0	0	0	0	0	300	0	0	0	0	0	0	0	0	0	0	0	0	300	0	0	0	300	0	0	0	0	0	0	0	300	0	0	0	0	0	0	0	0	0	0	0	0	0	0	0	0	0	0	0	0	0	0	0	0	0	0	0	0	0	0	0	0	0	0	0	0	0	0	0	0	0	0	300	0	300	0
chr16_88873150_88873500	0	0	350	350	0	350	0	350	0	350	350	350	350	0	0	0	350	350	350	0	350	350	0	0	0	0	0	0	0	0	350	350	0	350	50	0	0	0	0	350	0	0	0	350	0	300	0	0	0	0	0	0	0	0	0	0	0	0	0	0	0	0	0	0	0	350	0	0	0	0	0	0	0	0	0	0	0	0	0	0	0	0	0	0	0	150	0	0	0	0	0	0	0	0	0	0	0	0	0	0	0	350	0	0	0	0	0	0	0	0	0	0	0	0	0	0	0	0	0	0	0	0	0	0	0	0	0	0	0	0	0	0	0	0	0	0	0	0	0	0	0	0	0	0	0	0	0	0
chr16_88966500_88966800	0	0	225	300	0	300	0	300	0	300	300	300	0	300	300	300	0	300	300	0	300	300	300	300	300	300	300	300	300	300	300	300	0	300	300	300	300	75	150	300	225	0	300	300	300	0	300	75	0	0	0	0	0	0	0	0	0	0	0	0	0	0	0	0	0	300	0	0	0	0	0	0	0	0	0	0	300	0	0	0	0	0	0	0	0	225	0	0	0	75	0	0	0	300	0	0	0	0	15	0	0	300	0	0	0	0	0	0	0	0	0	0	0	0	0	0	0	300	0	0	0	0	0	0	0	0	0	0	0	0	0	0	0	0	0	0	0	0	0	0	0	0	0	0	0	0	75	0
chr16_88976050_88976400	0	0	350	350	0	350	0	350	350	350	0	350	50	350	350	350	0	350	350	0	350	350	350	350	350	350	350	350	350	350	350	350	0	350	350	350	350	350	0	350	350	0	350	0	300	125	350	350	300	0	0	0	0	0	0	0	0	0	0	0	0	0	0	0	0	350	0	0	0	0	0	0	0	0	0	0	225	0	0	0	0	12	0	0	0	350	0	0	0	350	0	0	0	350	0	0	0	0	0	0	0	350	0	0	0	0	0	0	0	0	0	0	0	0	0	0	0	350	0	0	0	0	0	0	0	0	0	0	0	0	0	0	0	0	0	0	0	0	0	0	0	0	0	0	350	350	350	350
chr16_89154450_89154750	0	0	0	300	0	300	0	300	0	0	0	300	0	300	0	0	0	300	0	0	225	300	225	0	0	0	0	0	300	0	300	300	0	0	300	0	150	0	0	300	0	0	0	0	0	0	0	0	0	0	0	0	0	0	0	0	0	0	0	0	0	0	0	0	0	300	0	0	0	0	166	0	160	0	0	0	225	0	0	0	0	0	0	0	0	0	0	0	0	300	0	0	0	75	0	0	0	0	0	0	0	0	0	0	0	0	0	0	0	0	0	0	0	0	0	0	0	0	0	0	0	0	0	0	0	0	0	0	0	0	0	0	0	0	0	0	0	0	0	0	0	0	0	0	0	0	0	0
chr17_1181300_1181600	0	0	300	300	0	300	300	300	125	300	300	300	300	0	300	0	50	275	175	0	275	300	300	200	300	250	300	300	200	300	300	300	0	200	300	300	300	200	0	300	0	0	50	175	0	0	250	300	0	0	0	0	0	0	0	0	0	0	109	0	0	0	0	0	0	0	0	0	0	0	0	0	0	0	0	0	0	0	0	0	0	131	0	0	0	275	0	0	0	275	0	0	0	300	0	0	0	0	0	0	0	0	0	0	0	0	0	0	0	0	0	0	0	0	0	0	0	0	0	0	0	0	0	0	88	0	0	0	0	0	0	0	0	0	151	0	0	0	0	0	0	0	0	0	300	300	300	300
chr17_4405350_4405750	0	0	0	400	0	400	0	400	400	400	0	375	375	0	400	0	0	0	0	0	400	400	0	400	400	0	0	0	400	400	400	0	0	0	400	400	0	0	0	400	0	0	0	0	0	0	0	0	0	0	0	0	0	0	0	0	0	0	0	0	0	0	0	0	0	0	0	0	0	0	0	0	0	0	0	0	0	0	0	0	0	0	0	0	0	0	0	0	0	400	0	0	0	0	0	0	0	0	0	0	0	400	0	0	0	0	0	0	0	0	0	0	0	0	0	0	0	375	0	0	40	0	0	0	0	0	0	0	0	0	0	0	0	0	0	0	0	0	0	0	0	0	0	0	375	0	225	375
chr17_40331250_40332600	0	300	1350	1350	0	825	0	1350	1350	1350	150	750	1350	1050	1350	75	600	225	0	0	1350	1350	1350	75	0	1350	750	1350	150	0	1350	1350	0	1350	825	300	1350	150	600	1350	75	0	75	0	0	375	1350	900	0	0	0	0	0	0	0	0	0	0	0	0	0	0	0	0	0	1350	0	0	0	0	0	0	0	0	0	0	225	0	0	0	0	0	0	0	0	1350	0	0	0	900	0	0	0	1350	0	0	0	0	0	0	0	300	0	0	0	0	0	0	0	0	0	0	0	0	0	0	0	1350	0	0	0	0	0	0	0	0	0	0	0	0	0	0	0	0	0	0	0	0	0	0	0	0	0	0	0	0	0	0
chr17_40353000_40353300	0	300	300	300	300	300	0	300	150	75	0	225	150	300	0	0	300	300	0	0	300	300	300	0	0	300	0	0	300	0	225	300	0	300	225	0	300	225	0	0	0	0	0	0	0	0	300	0	0	0	0	0	0	0	0	0	0	0	0	0	0	0	0	0	0	0	0	0	0	0	0	0	0	0	0	0	0	0	0	0	0	0	0	0	0	0	0	0	0	0	0	0	0	150	0	0	0	0	0	0	0	0	0	0	0	0	0	0	0	0	0	0	0	0	0	0	0	0	0	0	0	0	0	0	0	0	0	0	0	0	0	0	0	0	0	0	0	0	0	0	0	0	0	0	0	0	0	0
chr17_47714400_47714850	0	0	225	450	0	450	450	450	0	450	0	375	0	0	150	0	0	450	225	0	450	450	450	0	0	0	0	0	0	0	450	0	0	150	450	0	300	0	0	450	0	0	0	0	0	0	450	225	0	0	0	0	0	0	0	0	0	0	0	0	0	0	0	0	0	0	0	0	0	0	0	0	0	0	0	0	450	0	0	0	0	0	0	0	0	450	0	0	0	300	0	0	0	0	0	0	0	0	0	0	0	0	0	0	0	0	0	0	0	0	0	0	0	0	0	0	0	0	0	0	0	0	0	0	0	0	0	0	0	0	0	0	0	0	0	0	0	0	0	0	0	0	0	0	0	0	0	0
chr17_50464350_50465200	0	0	0	850	450	850	0	850	0	0	0	850	0	0	0	0	450	850	0	0	0	825	850	0	0	0	0	0	0	0	750	450	0	0	600	0	850	0	0	850	0	0	0	0	0	675	0	0	0	0	0	0	0	0	0	0	0	0	0	0	0	0	0	0	0	0	0	0	0	0	0	0	0	0	0	0	0	0	0	0	0	0	0	0	0	850	0	0	0	0	0	0	0	300	0	0	0	0	0	0	0	850	0	0	0	0	0	0	0	0	0	0	0	0	0	0	0	0	0	0	0	0	0	0	0	0	0	0	0	0	0	0	0	0	0	0	0	0	0	0	0	0	0	0	0	0	0	0
chr17_65569250_65569950	0	700	700	700	700	675	0	700	0	700	375	525	0	0	375	700	0	0	0	0	700	700	0	0	0	0	0	0	0	0	700	0	0	0	0	0	0	0	300	700	0	0	0	0	550	0	0	0	0	0	0	0	0	0	0	0	0	0	0	0	0	0	0	0	0	0	0	0	0	0	0	0	0	0	0	0	0	0	0	0	0	0	0	0	0	0	0	0	0	0	0	0	0	550	0	0	0	0	0	0	0	0	0	0	0	0	0	0	0	0	0	0	0	0	0	0	0	700	0	0	0	0	0	0	0	0	0	0	0	0	0	0	0	0	0	0	0	0	0	0	0	0	0	0	0	0	0	0
chr17_68438150_68438500	0	325	0	350	250	350	0	350	350	0	0	325	0	175	350	350	250	325	350	0	350	350	350	350	350	350	350	350	350	350	350	350	315	350	350	350	350	0	0	350	350	0	0	0	0	0	0	0	0	0	0	0	0	0	0	0	0	0	0	0	0	256	0	0	0	250	0	0	0	0	350	0	0	0	0	0	350	350	0	0	0	350	0	0	0	350	0	0	0	325	0	0	0	0	324	0	350	0	0	0	0	350	0	0	0	0	0	319	0	0	350	0	286	0	0	0	0	0	0	0	0	0	0	0	0	0	0	0	0	0	0	0	0	0	0	0	0	0	0	0	0	0	0	0	350	350	350	175
chr17_73623800_73624200	0	400	400	400	400	400	0	400	400	0	0	300	0	175	0	0	400	400	0	0	400	400	0	0	0	0	0	0	0	0	400	400	0	400	0	0	0	0	325	400	0	0	100	400	0	0	0	0	0	0	0	0	308	0	0	0	0	0	0	0	0	0	0	0	0	0	0	0	0	0	0	0	0	0	0	0	400	0	0	0	0	0	0	0	0	0	400	0	0	0	0	0	0	400	0	0	0	0	0	0	0	400	0	0	0	0	251	0	290	0	0	0	0	0	0	0	0	250	0	0	0	0	0	0	0	0	0	0	0	0	0	0	0	0	0	0	0	0	0	0	0	400	0	0	0	0	0	0
chr17_82350500_82350800	0	300	300	300	0	300	0	300	0	300	300	275	300	0	300	0	0	300	300	0	0	0	0	0	0	0	0	0	300	50	300	0	0	0	300	300	0	0	0	300	0	0	200	0	0	0	0	0	0	0	0	0	248	0	0	0	0	0	0	0	0	0	0	159	0	0	22	0	0	0	157	0	0	0	0	0	300	274	260	0	0	0	0	0	0	0	0	0	32	0	0	0	0	300	31	0	0	0	0	0	0	300	300	0	0	0	0	0	0	0	0	0	0	0	0	0	0	0	0	0	228	0	0	0	0	300	0	0	0	0	0	0	0	0	0	0	0	0	0	0	43	0	0	0	275	0	275	300
chr18_24928200_24928750	0	550	550	550	525	550	0	550	550	550	550	550	325	550	550	250	550	550	0	250	550	550	550	550	475	550	550	550	550	550	550	0	0	550	550	550	325	550	550	550	550	0	550	550	0	0	550	0	0	0	381	0	0	0	0	0	0	151	345	0	138	0	0	74	0	550	0	0	0	0	45	0	0	0	0	0	550	394	0	0	0	382	0	0	0	550	0	0	0	0	0	0	0	0	0	0	0	0	0	0	0	550	393	0	0	0	217	0	0	0	0	247	0	0	0	0	0	375	0	0	300	0	0	0	0	313	332	0	0	0	0	0	0	0	0	0	0	0	0	0	0	0	0	0	325	0	0	0
chr18_58971450_58971750	0	0	300	75	75	150	75	150	225	300	0	300	0	300	300	300	300	300	0	0	300	300	300	300	300	300	300	300	300	300	300	300	0	225	300	300	300	300	300	300	300	0	0	0	0	0	300	300	0	0	0	0	0	0	0	0	0	0	0	0	0	0	0	0	0	300	0	0	0	0	0	0	0	0	0	0	0	0	0	0	0	0	0	0	0	0	0	0	0	75	0	0	0	300	0	0	0	0	0	0	0	300	0	0	0	0	0	0	0	0	0	0	0	0	0	0	0	300	0	0	0	0	0	0	0	0	0	0	0	0	0	0	0	0	0	0	0	0	0	0	0	0	0	0	300	300	300	300
chr2_48992850_48993150	0	0	300	0	75	75	0	0	0	0	0	300	300	0	0	0	225	300	0	0	300	300	0	0	300	0	0	0	0	300	300	300	0	0	0	0	150	0	0	300	0	0	0	0	300	0	300	0	0	0	0	0	0	0	0	0	118	0	0	0	0	0	0	0	0	300	0	0	0	0	0	0	0	0	0	0	300	0	0	45	0	0	0	0	0	0	0	0	123	300	0	0	0	300	0	0	0	0	0	0	0	300	0	0	0	0	0	0	0	0	0	0	0	0	0	0	0	300	0	0	0	0	0	0	0	0	0	0	0	0	0	0	0	0	0	0	0	0	0	0	0	0	0	0	300	300	0	75
chr2_49004700_49005000	0	0	300	0	75	300	0	0	0	0	0	300	0	0	0	0	0	300	0	0	300	300	0	0	0	0	0	0	0	225	300	300	0	0	75	0	0	0	0	300	0	0	0	0	225	0	0	0	0	0	0	0	0	0	0	0	0	0	0	0	0	0	0	0	0	300	0	0	0	0	0	0	0	0	0	0	300	0	0	0	0	0	0	0	0	0	0	0	0	150	0	0	0	300	0	0	0	0	0	0	0	300	0	0	0	0	0	0	0	0	0	0	0	0	0	0	0	300	0	0	0	0	0	0	0	0	0	0	127	0	0	0	0	0	0	0	0	0	0	0	0	0	0	0	0	300	0	0
chr2_74539050_74539350	0	0	300	300	150	300	300	300	300	300	75	300	300	300	300	300	300	0	0	0	300	300	300	0	300	300	300	300	0	225	300	300	300	300	0	300	300	300	225	300	300	32	0	0	300	0	225	0	0	0	0	0	0	290	0	0	300	300	269	0	300	0	0	0	192	300	0	0	300	0	0	0	0	0	0	0	0	300	300	295	0	0	0	0	0	300	300	0	252	300	0	0	0	0	236	0	0	0	300	0	0	300	0	300	300	206	0	0	300	0	0	0	292	300	0	0	0	0	0	0	300	0	268	300	300	0	0	0	0	0	0	246	0	0	0	0	0	0	0	0	0	300	0	0	0	0	0	0
chr2_96811650_96812150	0	0	150	500	300	500	0	500	200	0	0	0	0	75	0	0	275	350	0	0	500	500	500	0	0	0	0	75	0	500	500	500	0	0	0	0	50	500	275	500	0	0	0	275	0	0	275	0	0	0	0	0	0	0	0	0	0	0	0	0	0	0	0	0	0	500	0	0	0	0	0	0	0	0	0	0	0	0	0	0	0	0	0	0	0	0	0	0	0	500	0	0	0	0	0	0	0	0	0	0	0	0	0	0	0	0	0	0	0	0	0	0	0	0	0	0	0	125	0	0	0	0	0	0	0	0	0	0	0	0	0	0	0	0	0	0	0	0	0	0	0	0	0	0	0	0	0	0
chr2_184597550_184598100	0	550	550	550	550	550	0	550	550	550	550	550	550	550	550	0	75	550	0	0	525	550	550	375	550	550	550	550	525	550	550	550	0	550	550	550	550	150	550	550	550	0	0	0	0	0	550	550	550	70	550	0	0	550	0	0	550	550	0	550	0	550	0	550	550	550	196	550	493	0	495	550	550	0	406	442	550	550	550	550	550	550	335	550	413	550	550	476	550	550	550	550	0	550	8	550	0	550	0	163	550	550	550	550	0	404	550	32	550	0	550	550	550	0	442	385	404	550	385	550	550	8	0	0	550	550	550	550	550	550	550	0	0	0	550	0	0	550	441	550	550	550	476	550	550	550	550	550
chr2_184598250_184599250	0	1000	1000	1000	75	1000	0	1000	1000	925	1000	1000	1000	1000	525	750	450	1000	0	900	1000	1000	1000	1000	1000	975	1000	1000	1000	1000	1000	1000	0	975	1000	1000	1000	975	750	1000	750	0	825	0	0	0	1000	1000	1000	107	1000	0	508	95	0	661	151	148	0	864	323	161	0	195	152	1000	100	927	205	0	40	137	173	326	154	141	1000	1000	126	119	150	1000	114	136	73	1000	147	122	120	1000	163	159	0	975	831	163	0	153	595	146	909	1000	203	113	0	171	140	132	144	524	171	132	834	0	141	121	169	1000	732	169	899	155	0	488	1000	932	122	177	903	142	926	0	358	0	165	0	517	152	164	172	97	147	122	123	1000	1000	1000	1000
chr2_230593000_230593350	0	350	350	350	0	350	125	350	125	0	350	350	0	150	350	300	350	350	0	0	350	350	350	0	0	150	0	0	125	350	350	350	0	350	350	0	350	0	0	350	0	0	0	0	0	0	350	225	0	0	0	0	0	0	0	0	0	0	0	0	0	0	0	0	0	350	0	0	0	0	0	0	0	0	0	0	0	0	0	0	0	0	0	0	0	0	0	0	0	350	0	0	0	350	0	0	0	0	0	0	0	350	0	0	0	0	0	0	0	0	0	0	0	0	0	0	0	350	0	0	0	0	0	0	0	0	0	0	0	0	0	0	0	0	0	0	0	0	0	0	0	0	0	0	0	275	0	200
chr2_238108150_238108600	0	0	450	450	0	450	425	450	200	275	0	350	0	450	450	325	0	450	0	0	175	450	450	0	450	450	250	450	100	450	450	450	0	450	450	450	450	400	25	450	325	0	0	0	0	450	125	0	0	0	294	0	0	0	0	0	0	0	0	0	0	0	0	0	0	450	0	0	0	0	0	0	49	0	0	91	450	0	0	0	0	437	0	0	0	275	141	0	189	450	0	274	0	450	0	136	0	351	0	0	153	450	0	0	0	0	0	0	0	0	0	0	0	0	91	0	0	450	0	0	133	0	0	0	183	229	0	0	0	0	0	0	0	0	198	0	0	201	0	0	0	141	0	0	0	0	0	0
chr2_240998100_240998650	0	75	0	550	0	450	550	550	0	0	450	550	550	550	550	475	0	550	0	0	550	550	325	550	550	550	250	325	550	550	525	0	0	325	450	475	400	0	0	550	325	0	550	0	0	550	25	550	0	0	0	0	0	0	0	412	0	492	432	0	439	371	0	385	0	550	0	357	405	357	0	0	0	0	0	0	0	0	0	239	0	0	0	0	337	550	186	0	392	0	358	0	382	550	496	550	0	363	0	365	424	550	0	274	0	476	377	362	0	0	0	0	486	312	0	226	0	550	442	0	435	0	439	514	312	0	0	292	477	0	0	457	0	0	0	434	181	490	475	0	254	186	0	471	0	0	0	0
chr20_4795200_4795500	0	300	300	300	75	300	150	300	300	300	0	0	0	300	300	225	0	300	0	0	300	300	300	0	75	0	300	300	300	300	300	300	0	300	300	300	300	300	300	300	0	0	0	150	0	0	300	0	0	0	0	0	0	0	0	0	0	0	0	0	0	0	0	0	0	300	0	0	0	0	0	0	0	0	0	0	0	0	0	0	0	0	0	0	0	300	0	0	0	300	0	0	0	0	0	0	0	0	0	0	0	300	0	0	0	0	0	0	0	0	0	0	0	0	0	0	0	300	0	0	207	0	0	0	0	0	0	0	0	0	0	0	0	0	0	0	0	0	0	0	0	0	0	0	0	0	0	0
chr20_47434050_47434350	0	300	300	300	75	300	300	300	225	300	75	300	300	300	300	300	0	0	0	0	300	300	300	0	300	0	0	0	300	300	300	300	0	0	225	300	300	0	0	300	0	0	0	0	0	0	0	0	0	0	0	0	0	0	0	0	0	0	0	0	0	0	0	0	0	0	0	0	0	0	0	0	0	0	0	0	225	0	0	0	0	0	0	0	0	0	0	0	0	0	0	0	0	0	0	0	0	0	0	0	0	300	0	0	0	0	0	0	0	0	0	0	0	0	0	0	0	300	0	0	0	0	0	0	0	0	0	0	0	0	0	0	0	0	0	0	0	0	0	0	0	0	0	0	300	300	300	300
chr20_49916850_49917550	0	700	700	700	300	700	700	700	600	700	0	300	0	300	0	0	700	0	0	0	700	700	700	0	0	0	0	75	675	525	700	600	0	75	0	0	700	75	0	700	0	0	0	0	0	0	700	0	0	0	0	0	0	0	0	0	0	0	0	0	0	0	0	0	0	0	0	0	0	0	0	0	0	0	0	0	0	0	0	0	0	0	0	0	0	0	0	0	0	300	0	0	0	700	0	0	0	0	0	0	0	700	0	0	0	0	0	0	0	0	0	0	0	0	0	0	0	0	0	0	0	0	0	0	0	0	0	0	0	0	0	0	0	0	0	0	0	0	0	0	0	0	0	0	525	0	300	600
chr20_62648350_62648750	0	0	400	400	0	275	0	400	0	400	400	400	400	125	0	275	0	400	400	0	400	400	400	400	0	0	400	0	400	400	400	400	0	400	400	400	400	0	0	400	0	0	400	50	0	0	400	0	400	0	0	0	0	0	0	0	0	0	0	0	0	0	0	0	0	400	0	0	0	0	0	0	0	0	0	0	400	0	0	0	0	0	0	0	0	200	0	0	0	125	0	0	0	400	0	0	0	0	0	0	0	400	0	0	0	0	0	0	0	0	0	0	0	0	0	0	0	400	0	0	0	0	0	0	0	0	0	0	0	0	0	0	0	0	0	0	0	0	0	0	0	0	0	0	0	0	0	0
chr22_46465800_46466250	0	0	0	450	0	450	0	450	0	0	0	300	0	0	0	0	0	0	0	0	450	450	0	0	0	0	0	0	0	0	450	0	0	0	0	0	0	0	0	450	0	0	0	0	0	0	0	0	0	0	0	0	0	0	0	0	0	0	0	0	0	0	0	0	0	0	0	0	0	0	0	0	0	0	0	0	0	0	0	0	0	0	0	0	0	0	0	0	0	0	0	0	0	0	0	0	0	0	0	0	0	450	0	0	0	0	0	0	0	0	0	0	0	0	0	0	0	0	0	0	0	0	0	0	0	0	0	0	0	0	0	0	0	0	0	0	0	0	0	0	0	0	0	0	0	0	0	0
chr22_50542450_50542800	0	350	350	350	0	350	350	350	0	0	0	350	0	0	0	0	275	0	0	0	350	350	275	350	350	275	0	0	350	350	350	350	0	0	350	350	350	350	0	350	0	0	0	0	0	0	350	0	0	0	0	0	0	0	0	0	0	0	0	0	0	0	0	0	0	275	0	0	0	0	0	0	0	0	0	0	0	0	0	0	0	0	0	0	0	125	0	0	0	350	0	0	0	275	0	0	0	0	0	0	0	0	0	0	0	0	0	0	0	0	0	0	0	0	0	0	0	0	0	0	0	0	0	0	0	0	0	0	0	0	0	0	0	0	0	0	0	0	0	0	0	0	0	0	350	350	350	350
chr3_114421800_114422350	0	0	550	0	0	300	0	0	0	550	225	550	550	0	0	375	25	325	0	0	150	550	550	0	550	0	0	375	0	375	550	550	0	0	0	250	450	550	0	550	0	0	0	0	0	0	550	0	0	0	0	0	0	0	0	0	0	0	0	0	0	0	0	0	0	550	0	0	0	0	0	0	0	0	0	0	0	0	0	0	0	0	0	0	0	0	0	0	0	375	0	0	0	0	0	0	0	0	0	0	0	550	0	0	0	0	0	0	0	0	0	0	0	0	0	0	0	225	0	0	0	0	0	0	0	0	0	0	0	0	0	0	0	0	0	0	0	0	0	0	0	0	0	0	475	0	0	100
chr3_114427550_114428700	0	0	1150	375	675	1150	0	1050	1050	1125	700	1150	1150	375	300	0	75	1150	0	0	1150	1150	1150	1150	1150	675	0	1150	1150	1150	1150	1150	0	750	1150	1150	1150	1150	0	1150	0	0	0	0	0	0	1150	1075	1150	0	390	0	0	742	767	0	583	460	0	630	0	781	0	479	638	1150	0	0	961	0	0	679	989	0	337	617	0	0	741	573	745	855	501	0	548	0	644	510	760	1150	869	719	0	1150	0	751	0	1062	0	525	744	1150	796	353	0	904	775	0	622	0	360	656	673	0	617	547	684	1150	481	745	786	0	0	0	773	750	629	617	0	568	636	0	498	0	772	0	446	911	0	451	668	644	510	610	1150	1150	1150	1150
chr3_114447650_114448450	0	0	800	775	0	600	0	775	700	800	0	800	800	800	450	0	550	400	0	0	325	800	800	800	800	0	0	0	800	800	800	800	0	0	525	800	800	625	0	775	0	0	0	0	0	0	800	475	0	0	0	0	0	0	0	0	0	0	0	0	0	0	0	0	0	450	0	0	0	0	0	0	0	0	0	0	0	0	0	0	0	0	0	0	0	0	0	0	0	550	0	0	0	800	0	0	0	0	0	0	0	475	0	0	0	0	0	0	0	0	0	0	0	0	0	0	0	800	0	0	0	0	0	0	0	0	0	0	0	0	0	0	0	0	0	0	0	0	0	0	0	0	0	0	800	800	800	800
chr3_114449300_114450900	0	0	1500	0	0	0	0	0	0	1600	0	1600	1600	0	625	0	525	1600	0	0	1575	1600	1600	1600	1600	0	0	1350	1600	1600	1600	1600	0	75	1600	1600	1600	1600	525	1600	0	0	1125	1200	0	0	1600	1600	1575	0	0	0	0	0	0	0	0	0	0	0	0	0	0	0	0	1600	0	0	0	0	0	0	0	0	0	0	0	0	0	0	0	391	0	0	0	0	0	0	0	1600	0	0	0	1600	0	0	0	0	0	0	0	1600	0	0	0	0	0	0	0	0	0	0	0	0	0	0	0	1600	0	110	0	0	0	0	322	0	0	0	0	0	0	0	0	0	406	0	0	0	0	0	0	0	0	0	1600	1600	1600	1600
chr3_114452500_114453200	0	0	500	0	0	0	0	0	0	700	50	700	700	700	700	0	425	700	0	0	700	700	700	700	700	50	0	700	700	700	700	700	0	0	700	700	700	700	0	700	0	0	200	700	0	0	700	700	700	0	0	0	0	0	0	0	0	0	0	0	0	0	0	0	0	700	0	0	0	0	0	0	0	0	0	0	0	0	0	0	0	0	0	0	0	0	0	0	0	700	0	0	0	700	0	0	0	0	0	0	0	700	0	0	0	0	0	0	0	0	0	0	0	0	0	0	0	700	0	0	0	0	0	0	0	0	0	0	0	0	0	0	0	0	0	0	0	0	0	0	0	0	0	0	700	700	700	700
chr3_129580350_129580800	0	0	450	450	0	225	0	450	0	450	450	450	450	0	450	450	300	225	450	0	450	450	450	0	225	0	0	0	450	0	450	450	0	0	450	0	0	0	0	450	0	0	450	450	0	0	300	0	0	0	0	0	0	0	0	0	0	0	0	0	0	0	0	0	0	450	0	0	0	0	0	0	0	0	0	0	450	0	0	0	0	0	0	0	0	0	0	0	0	450	0	0	0	450	0	0	0	0	0	0	0	450	0	0	0	0	0	0	0	0	0	0	0	0	0	0	0	450	0	0	0	0	0	0	0	0	0	0	0	0	0	0	0	0	0	0	0	0	0	0	0	0	0	0	0	0	0	0
chr3_141382650_141383050	0	0	400	400	0	400	0	400	375	325	0	400	0	0	400	0	400	0	0	0	400	400	400	400	400	0	0	0	400	400	0	0	0	0	400	400	325	0	0	400	0	0	0	0	0	0	0	400	0	0	0	0	0	0	0	0	0	0	0	0	0	0	0	0	0	0	0	0	0	0	0	0	0	0	0	0	0	0	0	0	0	0	0	0	0	0	0	0	0	400	0	0	0	400	0	0	0	0	0	0	0	400	0	0	0	0	0	0	0	0	0	0	0	0	0	0	0	0	0	0	0	0	0	0	0	0	0	0	0	0	0	0	0	0	0	0	0	0	0	0	0	0	0	0	400	400	400	400
chr3_141383400_141384000	0	0	600	525	450	600	0	600	0	600	0	600	225	0	450	0	300	0	0	0	600	600	600	600	600	0	0	0	600	600	600	0	0	0	600	600	600	525	0	600	0	0	0	0	0	75	0	600	0	0	0	0	0	0	0	0	0	0	0	0	0	0	0	0	0	0	0	0	0	0	0	0	0	0	0	0	0	0	0	0	0	0	0	0	0	0	0	0	0	600	0	0	0	600	0	0	0	0	0	0	0	600	0	0	0	0	0	0	0	0	0	0	0	0	0	0	0	0	0	0	0	0	0	0	0	0	0	0	0	0	0	0	0	0	0	0	0	0	0	0	0	0	0	0	600	600	600	600
chr3_170166150_170166450	0	300	0	300	300	300	0	300	300	300	300	0	0	300	225	0	300	300	0	0	300	300	150	0	0	0	0	0	300	225	300	300	0	0	300	0	0	75	0	300	0	0	0	300	0	0	0	0	0	0	0	0	0	0	0	0	0	0	0	0	0	0	0	0	0	75	0	0	0	0	0	0	0	0	0	0	0	0	0	0	0	0	0	0	0	0	0	0	0	75	0	0	0	0	0	0	0	0	0	0	0	300	0	0	0	0	0	0	0	0	0	0	0	0	0	0	0	0	0	0	0	0	0	0	0	0	0	0	0	0	0	0	0	0	0	0	0	0	0	0	0	0	0	0	0	150	0	0
chr3_186251900_186252300	0	0	0	400	0	400	0	400	0	400	0	0	0	0	400	0	0	400	0	0	400	375	0	0	400	0	0	0	0	400	0	150	0	0	0	400	0	0	0	175	0	0	0	0	0	0	0	0	0	0	0	0	0	0	0	0	0	0	0	0	0	0	0	0	0	400	0	0	0	0	0	0	0	0	0	0	0	0	0	0	0	0	0	0	0	0	0	0	0	0	0	0	0	0	0	0	0	0	0	0	0	0	0	0	0	0	0	0	0	0	0	0	0	0	0	0	0	0	0	0	0	0	0	0	0	0	0	0	0	0	0	0	0	0	0	0	0	0	0	0	0	0	0	0	0	0	0	0
chr4_174949250_174949550	0	300	300	300	125	300	0	300	300	300	300	300	300	0	0	0	0	300	0	0	0	0	0	0	0	0	0	0	0	0	0	100	0	0	0	0	0	0	0	300	0	0	0	0	0	0	300	300	0	0	0	0	0	0	43	0	0	300	0	0	0	0	0	191	300	300	0	0	0	0	0	0	0	0	0	0	0	0	300	300	0	0	0	0	0	0	300	254	300	300	0	300	0	0	0	32	0	300	0	0	247	300	300	0	0	300	300	0	0	0	300	173	0	0	0	0	300	300	0	237	300	0	0	0	300	300	300	193	0	190	300	0	0	0	0	0	300	300	0	300	300	300	254	0	0	0	0	0
chr5_141510900_141511300	0	0	400	400	0	400	0	400	0	400	400	400	0	0	400	0	0	400	0	400	400	375	400	400	400	0	0	0	400	400	400	150	0	0	400	400	400	400	0	400	0	0	0	0	0	0	0	400	0	0	0	0	0	0	0	0	0	0	0	0	0	0	0	0	0	0	0	0	0	0	0	0	0	0	0	0	0	0	0	0	0	0	0	0	0	0	0	0	0	400	0	0	0	300	0	0	0	0	0	0	0	400	0	0	0	0	0	0	0	0	0	0	0	0	0	0	0	0	0	0	0	0	0	0	0	0	0	0	0	0	0	0	0	0	0	0	0	0	0	0	0	0	0	0	400	400	400	400
chr5_157578900_157579200	0	300	300	300	300	300	0	300	300	300	0	300	0	300	300	75	0	300	300	0	300	300	300	0	0	300	0	300	0	0	300	300	0	300	0	0	75	0	300	300	0	0	300	300	225	0	300	0	0	0	0	0	0	0	0	0	0	0	0	0	0	0	0	0	0	300	0	0	0	0	0	0	0	0	0	0	300	0	0	0	0	0	0	0	0	300	0	0	0	300	0	0	0	300	0	0	0	0	0	0	0	300	0	0	0	0	0	0	0	0	0	0	0	0	0	0	0	300	0	0	0	0	0	0	0	0	0	0	0	0	0	0	0	0	0	0	0	0	0	0	0	0	0	0	0	225	0	0
chr6_7902150_7902550	0	0	25	400	400	375	150	400	100	175	0	150	375	0	0	0	250	225	400	0	400	400	325	400	400	0	0	400	400	400	400	400	0	400	400	400	400	0	0	400	0	0	400	0	0	0	225	0	0	0	0	0	0	0	0	0	0	0	0	0	0	0	0	0	0	400	0	0	0	0	0	0	0	0	0	0	0	0	0	0	0	0	0	0	0	400	0	0	0	0	0	0	0	225	0	0	0	0	0	0	0	400	0	0	0	0	0	0	0	0	0	0	0	0	0	0	0	400	0	0	0	0	0	0	0	0	0	0	0	0	0	0	0	0	0	0	0	0	0	0	0	0	0	0	0	0	0	0
chr6_14089200_14089500	150	0	300	300	225	300	300	300	300	75	300	300	300	0	0	0	0	300	0	0	300	300	300	0	0	150	0	0	0	0	300	300	0	0	0	0	0	0	0	75	0	0	0	0	0	0	0	0	0	0	0	0	0	0	0	0	0	0	0	0	0	0	0	0	0	300	0	0	0	0	0	0	0	0	0	0	0	0	0	0	0	0	0	0	0	0	0	0	0	75	0	0	0	300	0	0	0	0	0	0	0	300	0	0	0	0	0	0	0	0	0	0	32	0	0	0	0	300	0	0	0	0	0	0	0	0	0	0	0	0	0	0	0	0	0	0	0	0	0	0	0	0	0	0	0	0	0	0
chr6_33692250_33692550	0	150	300	300	0	150	0	300	75	300	300	300	300	300	300	300	0	75	300	0	300	300	300	150	300	300	300	300	300	300	300	300	0	300	300	300	300	300	300	300	300	0	0	300	300	300	300	300	300	0	0	0	0	0	0	0	0	0	0	0	0	1	0	0	0	300	0	0	0	0	0	0	82	0	0	0	300	0	169	0	0	12	0	0	0	300	0	0	0	300	0	0	0	300	81	0	0	0	0	0	37	300	129	0	0	0	0	0	0	0	100	0	300	11	0	0	0	300	0	20	0	0	0	0	60	0	0	0	0	0	0	0	0	0	0	0	0	0	0	0	0	0	0	0	225	0	300	150
chr6_122789400_122789800	0	0	0	400	0	400	0	0	0	0	0	375	0	400	300	0	0	400	0	0	375	400	400	400	400	0	0	400	400	400	250	0	0	400	400	400	400	400	0	400	0	0	0	0	0	0	400	0	375	0	0	0	400	0	0	0	400	0	0	0	0	0	0	332	0	0	0	0	271	0	0	400	0	0	0	0	225	0	277	0	400	0	0	0	358	0	0	0	400	375	0	0	0	400	0	0	0	400	0	0	400	400	400	400	0	0	400	0	305	0	273	0	400	0	0	0	0	0	0	0	400	0	0	0	400	0	400	400	0	0	0	0	0	0	0	0	0	0	0	0	400	0	0	400	400	400	400	400
chr7_148435500_148435950	0	450	450	450	450	450	450	450	225	0	0	450	0	450	450	450	450	450	0	0	450	450	450	450	450	450	450	450	300	450	450	450	0	450	450	450	450	450	450	450	450	0	450	450	450	0	450	0	450	428	0	392	309	401	0	450	450	450	0	450	450	450	320	289	0	450	450	1	309	450	383	355	289	0	0	0	450	450	450	450	0	0	0	0	0	450	450	450	450	450	0	0	0	450	450	450	0	450	450	0	450	450	450	450	450	224	423	450	419	0	0	450	450	450	0	248	239	450	450	450	450	0	450	363	450	450	0	450	450	400	0	450	0	0	0	0	0	450	180	0	450	450	450	414	0	75	0	0
chr8_122864500_122864950	0	450	0	450	50	450	0	450	275	375	0	0	0	450	450	450	0	0	0	0	350	425	0	450	275	450	450	450	450	450	450	450	0	450	450	450	0	450	450	450	0	0	0	450	0	0	200	0	0	0	0	0	0	0	226	0	0	199	0	0	0	0	0	0	0	450	0	0	0	0	0	0	0	0	0	0	450	0	0	0	0	305	0	0	0	275	0	0	0	0	0	0	0	425	0	0	0	0	0	0	0	400	0	0	0	0	0	0	0	0	0	0	0	0	0	0	0	350	0	0	0	0	0	0	0	0	0	0	0	0	0	0	0	0	0	0	0	0	0	0	0	0	0	0	0	0	0	0
chr9_36139100_36139400	0	0	0	300	0	300	0	300	200	0	0	0	0	300	275	300	0	300	0	0	300	275	300	0	0	125	300	300	0	0	300	300	0	300	0	0	300	300	300	300	0	0	0	0	0	0	0	0	300	0	0	0	0	0	0	0	0	0	0	0	0	0	0	0	0	300	0	0	0	0	0	0	0	0	0	0	0	0	0	0	0	0	0	0	0	300	0	0	0	0	0	0	0	275	0	0	0	0	0	0	0	300	0	0	0	0	0	0	0	0	0	0	0	0	0	0	0	200	0	0	0	0	0	0	0	0	0	0	0	0	0	0	0	0	0	0	0	0	0	0	0	0	0	0	0	0	0	0
chr9_36901200_36901550	0	350	350	350	0	350	0	350	50	0	0	0	0	350	350	350	0	350	350	0	350	350	350	350	50	350	350	350	350	350	350	350	0	350	350	350	350	350	350	350	350	0	350	0	350	75	350	0	0	0	0	0	0	0	0	0	0	0	0	0	0	0	0	0	0	350	0	0	0	0	0	0	0	0	0	0	350	0	0	0	0	0	0	0	0	350	0	0	0	350	0	0	0	350	0	0	0	0	0	0	0	350	0	0	0	0	0	0	0	0	0	0	0	0	0	0	0	350	0	0	0	0	0	0	0	0	0	0	0	0	0	0	0	0	0	0	0	0	0	0	0	0	0	0	0	0	0	0
chr9_137268750_137269100	0	50	350	350	0	350	0	350	350	350	350	350	0	350	0	0	0	350	0	0	350	350	350	350	350	350	275	350	350	350	350	350	0	275	350	350	350	350	0	350	0	0	0	0	0	0	0	50	0	0	0	0	0	0	0	0	0	0	0	0	0	44	0	0	0	350	0	0	0	0	0	0	0	0	0	0	125	0	152	162	0	0	0	0	0	125	350	0	70	350	0	0	0	350	0	0	0	350	0	0	0	350	94	0	0	0	66	0	0	0	0	0	0	106	0	0	0	350	0	0	0	0	0	0	20	0	0	0	0	0	158	0	0	0	0	0	0	0	0	0	0	350	0	0	350	0	350	350
