A.H3K9me3.intersect.value	CLL.A34021.CEMT_4.H3K9me3.hg38.bwa-sb.IX2823.C3YJAACXX_5_CTTGTA.FindER2.bed.remDups.bed.intersect.value	CLL.A34037.CEMT_5.H3K9me3.hg38.bwa-sb.IX2844.C4C9JACXX_2_AACCCC.FindER2.bed.remDups.bed.intersect.value	CLL.A34076.CEMT_6.H3K9me3.hg38.bwa-sb.IX2844.C4C9JACXX_2_TAATCG.FindER2.bed.remDups.bed.intersect.value	CLL.A34940.CEMT_26.H3K9me3.hg38.bwa-sb.IX2651.C3TC1ACXX_1_CTTGTA.FindER2.bed.remDups.bed.intersect.value	CLL.A34947.CEMT_27.H3K9me3.hg38.bwa-sb.IX2823.C3YJAACXX_5_AACCCC.FindER2.bed.remDups.bed.intersect.value	CLL.A34954.CEMT_28.H3K9me3.hg38.bwa-sb.IX2823.C3YJAACXX_5_TAATCG.FindER2.bed.remDups.bed.intersect.value	CLL.A34961.CEMT_29.H3K9me3.hg38.bwa-sb.IX2823.C3YJAACXX_5_AGGCCG.FindER2.bed.remDups.bed.intersect.value	CLL.A35238.CEMT_25.H3K9me3.hg38.bwa-sb.IX2651.C3TC1ACXX_1_CCCATG.FindER2.bed.remDups.bed.intersect.value	CLL.A35245.CEMT_30.H3K9me3.hg38.bwa-sb.IX2823.C3YJAACXX_5_ATGTCA.FindER2.bed.remDups.bed.intersect.value	CLL.A60645.CEMT_94.H3K9me3.hg38.bwa-sb.IX4415.C958UANXX_8_AACCCC.FindER2.bed.remDups.bed.intersect.value	CLL.A60652.CEMT_95.H3K9me3.hg38.bwa-sb.IX4415.C958UANXX_8_TAATCG.FindER2.bed.remDups.bed.intersect.value	CLL.A60659.CEMT_96.H3K9me3.hg38.bwa-sb.IX4415.C958UANXX_8_AGGCCG.FindER2.bed.remDups.bed.intersect.value	CLL.A60668.CEMT_97.H3K9me3.hg38.bwa-sb.IX4419.C9587ANXX_4_GGCTAC.FindER2.bed.remDups.bed.intersect.value	EGAN00001091897_EGAX00001135687_EGAR00001139769_NBC_H3K9me3_SINGLE.FindER2.bed.intersect.value	EGAN00001095818_EGAX00001133243_EGAR00001137329_NBC_H3K9me3_SINGLE.FindER2.bed.intersect.value	EGAN00001107579_EGAX00001215595_EGAR00001228091_NBC_H3K9me3_SINGLE.FindER2.bed.intersect.value	EGAN00001107643_EGAX00001215955_EGAR00001228606_NBC_H3K9me3_SINGLE.FindER2.bed.intersect.value	EGAN00001107668_EGAX00001171949_EGAR00001185105_NBC_H3K9me3_SINGLE.FindER2.bed.intersect.value	EGAN00001173679_EGAX00001135683_EGAR00001139773_NBC_H3K9me3_SINGLE.FindER2.bed.intersect.value	EGAN00001202786_EGAX00001272637_EGAR00001300126_CLL_H3K9me3_SINGLE.FindER2.bed.intersect.value	EGAN00001202787_EGAX00001272619_EGAR00001300046_CLL_H3K9me3_SINGLE.FindER2.bed.intersect.value	EGAN00001202788_EGAX00001272595_EGAR00001300136_CLL_H3K9me3_SINGLE.FindER2.bed.intersect.value	EGAN00001202789_EGAX00001291852_EGAR00001320579_CLL_H3K9me3_SINGLE.FindER2.bed.intersect.value	EGAN00001235813_EGAX00001323209_EGAR00001352515_CLL_H3K9me3_SINGLE.FindER2.bed.intersect.value	EGAN00001258588_EGAX00001326443_EGAR00001355794_csMBC_H3K9me3_SINGLE.FindER2.bed.intersect.value	EGAN00001265738_EGAX00001272620_EGAR00001300047_PBC_H3K9me3_SINGLE.FindER2.bed.intersect.value	EGAN00001265740_EGAX00001272618_EGAR00001300045_GCBC_H3K9me3_SINGLE.FindER2.bed.intersect.value	EGAN00001265741_EGAX00001272625_EGAR00001300052_NBC_H3K9me3_SINGLE.FindER2.bed.intersect.value	EGAN00001265742_EGAX00001272703_EGAR00001300107_NBC_H3K9me3_SINGLE.FindER2.bed.intersect.value	EGAN00001265743_EGAX00001272706_EGAR00001300111_NBC_H3K9me3_SINGLE.FindER2.bed.intersect.value	EGAN00001265744_EGAX00001272689_EGAR00001300082_NBC_H3K9me3_SINGLE.FindER2.bed.intersect.value	EGAN00001265747_EGAX00001272659_EGAR00001300006_NBC_H3K9me3_SINGLE.FindER2.bed.intersect.value	EGAN00001265748_EGAX00001272664_EGAR00001300011_PBC_H3K9me3_SINGLE.FindER2.bed.intersect.value	EGAN00001265749_EGAX00001272653_merged2runs_GCBC_H3K9me3_SINGLE.FindER2.bed.intersect.value	EGAN00001265750_EGAX00001272585_EGAR00001300065_CLL_H3K9me3_SINGLE.FindER2.bed.intersect.value	EGAN00001276797_EGAX00001304998_EGAR00001334471_GCBC_H3K9me3_SINGLE.FindER2.bed.intersect.value	EGAN00001276798_EGAX00001304995_EGAR00001334420_NBC_H3K9me3_SINGLE.FindER2.bed.intersect.value	EGAN00001277490_EGAX00001326454_EGAR00001355727_csMBC_H3K9me3_SINGLE.FindER2.bed.intersect.value	EGAN00001277491_EGAX00001326440_EGAR00001355791_csMBC_H3K9me3_SINGLE.FindER2.bed.intersect.value	EGAN00001277492_EGAX00001305062_EGAR00001334389_NBC_H3K9me3_SINGLE.FindER2.bed.intersect.value	EGAN00001295796_EGAX00001326619_EGAR00001355765_CLL_H3K9me3_SINGLE.FindER2.bed.intersect.value	EGAN00001295801_EGAX00001326520_EGAR00001355882_NBC_H3K9me3_SINGLE.FindER2.bed.intersect.value	EGAN00001295802_EGAX00001326536_EGAR00001355851_PBC_H3K9me3_SINGLE.FindER2.bed.intersect.value	EGAN00001295815_EGAX00001326492_EGAR00001355779_usMBC_H3K9me3_SINGLE.FindER2.bed.intersect.value	GCBC.A70850.CEMT_134.H3K9me3.hg38.A70850_3_lanes_dupsFlagged.FindER2.bed.remDups.bed.intersect.value	GCBC.A70857.CEMT_135.H3K9me3.hg38.IX5209.CAVPBANXX_2_GGCTAC.FindER2.bed.remDups.bed.intersect.value	GCBC.A70864.CEMT_136.H3K9me3.hg38.IX5210.CAVPBANXX_3_ACGATA.FindER2.bed.remDups.bed.intersect.value	GCBC.A70871.CEMT_137.H3K9me3.hg38.IX5212.CAVPBANXX_5_ATAATT.FindER2.bed.remDups.bed.intersect.value	GCBC.A70878.CEMT_138.H3K9me3.hg38.IX5213.CAVPBANXX_6_CACCGG.FindER2.bed.remDups.bed.intersect.value
chr1_2638500_2638800	0	0	0	0	0	0	300	0	0	0	0	0	0	0	0	0	0	300	0	0	0	300	0	0	0	0	0	0	0	150	0	0	0	150	0	300	0	0	0	0	0	225	150	300	0	0	0	0	0
chr1_3786200_3786550	0	25	0	0	0	0	350	0	0	0	0	0	0	175	0	0	0	0	0	0	0	325	0	0	350	0	0	0	0	0	0	0	0	0	0	0	0	0	350	0	0	0	0	0	0	0	0	0	0
chr1_12024850_12025300	0	450	0	50	0	0	450	0	0	0	0	0	0	0	0	0	0	0	0	0	0	425	0	0	0	0	0	0	0	0	0	0	0	0	0	0	0	0	0	0	0	0	0	0	0	0	0	0	0
chr1_45337400_45337750	0	0	0	0	0	0	350	0	0	0	0	0	0	0	0	0	0	350	0	0	0	350	0	0	0	0	0	0	0	0	0	0	0	0	0	0	0	0	0	0	0	0	0	0	0	0	0	0	325
chr1_124554050_124554400	0	0	0	0	350	0	0	0	0	0	0	0	0	0	0	0	0	0	0	0	0	325	0	0	175	0	100	0	0	0	0	0	0	0	0	325	0	0	0	0	0	0	0	0	250	175	350	350	350
chr1_224374350_224374650	0	0	0	0	0	0	300	0	0	0	0	0	0	0	0	0	0	0	75	0	0	300	0	0	0	0	0	75	0	0	0	0	0	0	0	0	0	0	0	0	0	0	0	0	0	0	0	0	300
chr10_12783150_12783550	0	0	0	0	0	0	400	0	0	0	0	0	0	0	0	0	0	0	0	0	0	400	0	0	0	0	0	0	0	0	0	0	0	0	0	0	0	0	0	0	0	0	0	0	0	0	0	0	400
chr10_71829300_71829600	0	225	0	0	0	225	300	0	0	0	0	0	0	0	0	0	0	150	0	0	0	300	0	0	0	0	225	0	0	0	0	0	0	300	0	75	0	0	0	0	0	0	0	0	150	0	300	75	0
chr10_72597950_72598300	0	100	0	0	350	0	0	0	0	0	0	0	0	0	0	0	0	0	0	0	0	300	0	0	0	0	0	0	0	0	0	0	0	0	0	0	0	0	0	0	0	0	0	0	0	0	0	0	325
chr10_95811150_95811450	0	0	0	0	300	0	0	0	0	0	0	0	0	225	225	0	0	300	0	0	0	300	0	0	0	0	150	150	0	0	75	0	75	150	0	0	0	150	0	0	0	0	0	0	0	0	75	75	0
chr10_102320700_102321300	0	0	0	0	0	0	600	0	0	0	0	0	0	0	150	0	0	0	0	0	0	600	0	0	75	0	0	0	0	0	0	0	0	0	0	0	0	0	0	0	0	0	0	0	0	0	300	0	0
chr10_102828450_102828750	0	0	0	0	0	0	300	300	0	0	0	0	0	0	0	0	0	0	0	0	0	300	0	0	0	0	0	0	0	0	0	0	0	0	0	0	0	75	0	0	0	0	0	0	0	0	0	0	0
chr10_119385700_119386100	0	200	0	0	0	0	400	350	0	0	0	0	0	0	200	0	125	0	0	0	0	400	0	0	0	0	0	0	0	0	0	0	0	0	0	0	0	0	350	0	0	0	0	0	0	0	0	0	50
chr10_132720150_132720450	0	0	0	0	0	0	300	0	0	0	0	0	0	0	0	0	0	0	0	0	0	300	0	0	0	0	0	0	0	0	0	0	0	300	0	0	0	300	0	0	0	0	0	0	150	0	0	300	0
chr11_1315200_1315500	75	225	75	0	225	0	300	75	0	0	0	0	0	300	0	75	300	300	300	0	0	300	0	0	0	0	0	75	0	0	0	0	75	0	0	75	300	0	0	0	0	0	75	0	300	0	300	300	0
chr11_6552350_6552650	300	0	300	300	300	300	300	300	25	0	0	0	0	0	0	0	0	0	0	0	0	300	0	0	0	100	0	0	0	0	0	0	0	0	50	0	0	0	0	0	0	0	0	0	0	0	0	0	300
chr11_7483200_7483500	0	225	0	0	300	0	0	0	0	0	0	0	0	300	75	0	0	0	150	0	0	300	0	0	0	0	0	0	0	0	0	0	0	0	0	0	0	300	0	0	0	0	0	0	0	0	0	0	0
chr11_9179950_9180300	0	225	0	350	350	0	350	0	0	300	0	0	0	0	0	0	150	0	0	350	0	350	0	0	0	0	0	0	0	0	0	0	0	0	0	225	0	225	0	150	275	0	0	0	0	350	0	0	225
chr11_9270500_9270900	0	100	0	0	0	25	400	225	0	0	0	0	0	0	0	0	0	0	400	0	0	375	0	0	400	0	0	0	0	0	0	0	0	0	0	0	0	0	0	0	0	0	0	0	0	0	0	0	0
chr11_9683950_9684300	0	275	0	200	350	0	0	300	0	0	0	0	0	0	0	0	0	0	0	0	0	350	0	0	0	0	0	0	0	0	0	0	0	0	0	0	0	0	0	0	0	0	0	225	0	0	0	0	0
chr11_10210350_10210650	0	0	75	0	300	300	150	0	0	0	0	0	0	0	225	0	0	0	0	0	0	150	0	0	0	300	0	0	150	0	0	0	0	0	0	0	0	0	0	0	0	0	0	0	0	0	300	0	0
chr11_10465400_10465800	0	0	0	0	0	0	400	0	0	0	0	0	0	0	0	0	0	400	0	0	0	400	0	0	0	0	0	0	0	0	0	0	0	0	0	0	0	0	0	0	0	0	0	0	0	0	0	0	0
chr11_10843250_10843600	0	175	325	0	325	175	350	0	0	0	175	100	0	0	0	0	0	0	0	25	0	325	0	0	100	0	0	0	0	0	0	0	0	0	0	0	0	0	0	0	0	0	0	0	0	25	0	0	0
chr11_16748450_16748950	475	475	0	0	500	0	500	325	0	0	0	0	0	0	0	0	0	0	0	0	0	375	0	0	0	0	0	0	0	0	0	0	0	0	0	0	0	0	0	0	0	0	0	0	0	0	0	0	325
chr11_17017150_17017450	0	175	0	0	300	0	0	200	0	50	0	0	0	300	300	300	0	300	275	0	0	275	0	0	0	0	0	0	0	0	0	0	0	0	0	0	0	0	0	0	0	300	0	0	0	25	0	0	25
chr11_31461950_31462350	0	0	0	0	375	0	400	0	0	0	0	0	0	0	400	325	0	300	0	0	0	375	0	0	0	0	0	0	0	0	0	0	0	0	0	0	0	0	0	0	0	0	0	0	0	75	0	0	0
chr11_32906150_32906650	375	475	300	0	500	0	500	500	250	0	0	0	0	0	500	0	400	0	25	0	0	450	0	0	100	0	0	250	0	0	0	0	0	0	0	0	0	0	0	400	0	0	250	0	0	25	0	0	0
chr11_36372800_36373250	0	0	0	0	450	0	0	0	0	0	0	0	0	0	175	50	0	450	0	0	0	450	0	0	0	0	0	100	0	0	0	0	275	0	0	0	0	0	450	0	0	175	0	0	0	0	0	0	0
chr11_46240950_46241250	0	300	0	0	300	0	0	75	75	0	0	0	0	0	0	0	0	0	0	0	0	300	0	0	75	0	0	0	225	0	0	0	0	0	0	0	0	0	0	0	0	0	0	0	0	0	0	0	0
chr11_47754400_47754700	0	300	0	100	300	0	0	0	0	0	0	0	0	0	0	0	0	0	0	0	0	275	0	0	0	0	0	0	0	0	0	0	0	0	0	0	0	0	0	0	0	0	0	0	0	0	0	0	0
chr11_48124350_48124750	0	0	0	75	400	0	0	0	0	0	0	0	0	0	300	0	0	400	0	0	0	375	0	0	300	0	0	0	0	0	0	0	0	0	0	0	0	375	0	0	0	0	25	0	0	0	0	0	0
chr11_62558550_62558850	0	0	0	0	300	0	0	0	0	0	0	0	0	0	0	0	0	0	0	0	0	300	0	0	0	0	0	0	0	0	0	0	0	0	0	0	0	0	300	0	0	0	0	0	0	0	0	0	0
chr11_63799300_63799600	0	0	200	0	300	0	300	0	0	0	0	0	0	0	0	0	0	0	0	0	0	0	0	0	0	0	0	0	0	0	0	0	0	0	0	0	0	0	0	0	0	0	0	0	0	0	0	0	0
chr11_70361550_70361850	0	150	0	225	300	75	300	300	225	0	0	0	0	75	300	0	0	0	225	0	0	300	0	0	0	0	0	0	0	0	0	0	0	0	0	0	0	0	0	0	0	0	0	0	0	225	0	0	0
chr11_72338700_72339000	0	0	0	0	300	0	0	0	0	0	75	0	0	0	0	0	0	0	150	0	0	300	0	0	0	0	0	150	0	0	0	0	0	0	0	0	0	300	0	0	0	0	0	0	0	0	0	0	0
chr11_73227000_73227400	0	0	0	0	400	0	0	0	0	0	0	0	0	0	0	0	0	0	0	0	0	400	0	0	0	0	0	0	0	0	0	0	0	0	0	0	0	0	0	0	0	0	0	0	0	0	0	0	0
chr11_77113550_77113900	0	350	0	0	350	0	175	0	0	0	0	0	0	0	0	175	0	25	0	0	0	325	0	0	250	0	0	0	0	0	0	0	0	0	0	0	0	0	0	0	0	0	0	350	0	0	0	0	350
chr11_82932300_82932750	0	0	150	0	450	0	0	0	0	0	0	0	0	0	0	300	450	0	0	0	0	450	0	0	0	0	0	225	0	375	0	0	0	0	0	0	0	225	75	0	0	0	150	0	0	0	0	0	0
chr11_84950450_84950850	0	0	0	0	400	0	0	0	0	0	0	0	0	0	0	400	150	0	0	0	0	400	0	0	0	0	0	400	0	0	0	150	0	0	0	300	0	375	300	400	0	0	0	0	0	225	0	0	0
chr11_85162900_85163250	0	0	125	275	350	0	0	0	0	0	50	0	0	125	225	350	350	0	350	0	0	350	0	0	350	0	0	350	0	0	0	0	0	350	0	0	0	0	0	350	0	350	0	0	0	150	275	0	0
chr11_96225450_96225750	0	300	300	0	300	0	300	0	300	0	0	75	75	0	300	0	300	0	75	0	0	300	0	0	0	150	0	225	0	0	300	300	0	0	300	300	300	0	0	300	0	0	0	0	0	0	75	0	0
chr11_107944150_107944500	0	350	0	0	350	0	0	0	0	0	0	0	0	350	0	0	0	350	0	0	0	350	0	0	0	0	0	0	0	0	0	0	0	0	0	0	125	350	0	0	0	0	0	0	0	0	0	0	0
chr11_111441600_111441900	0	0	0	0	300	0	300	0	0	0	0	0	0	0	0	75	0	0	0	0	0	300	0	0	0	0	0	0	0	0	0	0	0	0	0	0	0	0	0	0	0	0	0	0	0	0	225	0	0
chr11_118222800_118223100	150	0	225	0	150	0	300	0	0	0	0	0	0	0	300	0	0	225	0	0	0	300	0	0	75	0	0	0	0	0	0	0	0	0	0	0	0	0	0	0	0	0	0	0	0	0	225	0	75
chr11_121135150_121135500	0	0	0	0	350	0	0	0	0	0	0	0	0	225	0	0	0	225	0	0	0	350	0	0	350	0	0	75	0	0	0	75	0	0	0	0	0	0	275	0	0	0	0	0	0	350	350	0	0
chr11_121598050_121598350	50	125	0	0	300	0	0	0	0	0	50	0	0	0	0	0	0	0	0	0	0	275	0	0	0	250	0	0	0	0	0	0	0	0	0	0	0	0	0	0	0	0	0	0	0	0	0	0	0
chr11_122649050_122649450	0	175	0	0	400	0	400	100	0	0	0	0	0	0	0	0	0	0	0	0	0	375	0	0	0	0	0	0	0	0	0	0	0	0	0	0	0	0	0	0	0	0	0	0	0	0	0	0	0
chr11_122674800_122675400	0	225	0	0	600	375	600	0	0	0	0	0	0	0	0	0	0	0	0	0	0	375	0	0	300	0	0	0	0	0	0	0	0	0	0	0	0	300	0	0	0	0	0	0	0	150	0	0	0
chr11_122702600_122702950	0	350	0	350	350	0	350	100	0	0	0	0	0	25	0	0	0	0	0	0	0	325	0	0	25	0	0	0	25	0	0	0	0	0	0	0	0	0	0	0	0	0	0	0	0	0	0	0	0
chr11_122704950_122705250	0	300	0	75	300	0	300	300	0	0	0	0	0	0	0	0	0	0	0	0	0	300	0	0	0	0	0	0	0	0	0	300	0	0	0	0	0	0	0	0	0	0	0	0	0	0	0	0	0
chr11_122720750_122721150	0	0	0	0	400	0	400	0	0	0	0	0	0	0	400	0	0	0	0	0	0	0	0	0	0	0	0	0	0	0	0	0	0	0	0	0	0	0	100	0	0	325	0	0	0	100	0	0	0
chr11_123106500_123106900	100	0	0	325	400	0	400	400	0	0	0	0	0	0	0	0	0	0	0	0	0	375	0	0	0	0	0	0	0	0	0	0	0	0	0	0	0	0	0	0	0	0	0	0	0	0	0	0	0
chr11_130288250_130288650	225	225	0	150	400	225	400	400	0	0	0	0	0	0	0	0	375	0	0	0	0	375	0	0	0	0	0	0	0	0	0	300	0	0	0	300	0	0	375	0	0	0	0	0	0	0	0	0	25
chr11_130916600_130916900	0	0	0	0	300	50	300	200	0	0	0	0	0	0	0	100	0	0	0	0	0	275	200	0	0	25	0	0	0	0	0	0	0	0	300	0	0	200	0	0	300	0	300	0	300	300	0	0	0
chr12_43996200_43996650	0	300	0	0	0	0	450	375	0	0	0	0	0	450	150	75	0	0	0	0	0	450	0	0	0	0	0	0	0	0	0	300	0	0	0	0	450	0	375	0	0	0	0	0	75	0	0	0	75
chr12_47391900_47392750	0	0	0	0	0	0	850	0	0	0	0	0	0	0	600	0	0	75	0	0	0	825	0	0	675	0	0	300	0	0	0	0	375	325	0	625	0	525	0	0	0	0	0	850	550	550	0	0	75
chr12_47405800_47406100	0	0	0	0	25	50	300	0	0	0	0	0	0	0	0	0	0	275	0	0	0	300	0	0	0	0	0	0	0	0	0	0	0	0	0	0	50	0	0	0	0	0	200	275	0	0	0	0	0
chr12_108845150_108845700	0	550	150	0	0	0	550	250	0	75	0	0	0	0	0	225	0	150	0	0	0	550	0	0	0	0	0	0	0	0	0	0	0	0	0	0	0	0	0	0	0	0	0	0	0	0	0	0	0
chr12_109162650_109162950	0	225	0	0	0	0	300	0	0	0	0	0	0	0	300	0	0	0	0	0	0	300	0	0	75	0	0	0	0	0	0	0	0	0	0	0	150	0	150	0	0	0	0	150	0	300	0	0	0
chr12_110791100_110791600	0	0	0	0	500	100	475	500	0	0	0	0	0	500	0	500	250	0	500	0	0	500	0	0	0	0	0	0	0	0	0	0	0	0	25	0	0	25	175	0	0	400	0	250	0	0	0	0	0
chr12_111561300_111561600	300	300	300	0	300	300	300	300	0	0	150	0	0	0	0	0	0	0	0	0	225	300	0	0	300	0	0	0	0	0	0	0	0	0	0	0	0	300	0	0	0	0	0	0	0	0	0	0	0
chr12_113100100_113100600	0	0	0	0	0	0	500	0	0	0	0	0	0	0	0	0	0	0	0	0	0	500	0	0	0	125	0	0	0	0	0	350	0	0	0	50	0	375	275	0	0	0	0	425	0	0	0	0	0
chr12_116841000_116841550	0	0	0	0	0	0	550	0	0	0	225	0	0	0	0	0	0	0	0	0	0	525	0	0	550	0	0	0	100	0	0	0	0	0	0	225	450	0	0	0	0	0	0	0	0	0	375	0	0
chr12_118045050_118045650	450	525	375	0	600	0	600	600	150	0	0	0	0	0	0	0	0	0	0	0	0	600	0	0	0	0	75	0	0	0	0	0	0	0	0	0	0	0	0	0	0	0	0	0	0	0	0	0	0
chr12_132962100_132962400	300	225	0	300	300	75	300	300	0	0	0	0	0	300	0	0	225	300	0	0	0	300	0	0	300	300	300	0	0	0	0	300	300	300	0	300	0	300	0	0	0	0	300	0	300	300	300	300	0
chr13_18476400_18476700	0	0	75	0	300	0	300	300	0	0	0	225	0	0	0	0	0	0	0	0	0	300	0	0	0	300	300	0	0	0	0	0	0	300	0	300	0	0	0	225	0	0	300	0	300	300	0	300	0
chr13_20531850_20532250	0	0	0	250	400	0	400	400	300	0	0	75	225	150	0	150	0	225	0	300	0	375	0	75	0	400	0	0	0	0	0	75	0	400	0	400	0	0	0	0	0	225	75	0	0	150	400	400	0
chr13_28017300_28017600	0	0	150	300	300	0	300	150	225	150	0	150	0	0	0	0	75	0	0	0	0	300	0	0	0	0	0	0	0	0	300	75	0	0	0	0	0	0	0	0	225	0	0	300	0	0	300	0	0
chr13_30827800_30828150	0	0	0	0	350	0	0	0	0	0	0	0	0	0	0	0	0	0	0	0	0	350	0	0	0	0	0	0	0	0	0	125	0	0	0	0	0	0	0	0	0	0	0	0	0	0	0	0	0
chr13_33121500_33121800	0	0	150	0	300	0	300	300	300	0	0	0	150	225	0	300	300	0	0	0	0	300	150	0	300	0	0	0	0	0	0	0	0	0	0	0	0	0	0	0	0	0	0	0	0	0	0	0	0
chr13_40235250_40235550	0	0	0	0	300	0	0	75	0	0	0	0	0	300	0	300	0	0	0	0	0	300	0	0	0	0	0	0	0	300	0	0	0	0	0	0	0	0	0	0	0	0	0	0	0	300	0	0	0
chr13_41290700_41291100	0	0	0	400	400	0	400	400	0	0	0	0	0	75	0	0	150	0	0	0	150	375	0	0	400	300	0	0	0	0	0	375	0	150	0	0	150	0	25	75	0	0	0	0	0	0	0	0	0
chr13_43090750_43091050	0	0	50	250	300	0	300	300	0	50	300	0	50	50	25	50	125	125	0	0	300	275	0	0	0	0	0	0	0	0	0	200	0	0	0	0	200	50	125	0	0	50	0	0	0	0	125	0	0
chr13_44941800_44942100	0	0	300	0	300	0	300	300	300	0	0	0	0	0	0	0	0	0	0	0	0	300	0	0	0	0	0	0	300	0	0	0	0	0	0	0	0	0	0	0	0	0	0	0	0	300	0	0	0
chr13_44965100_44965450	0	0	0	325	350	0	350	0	0	0	325	0	0	25	0	0	0	0	0	0	0	350	0	0	0	100	350	0	0	0	0	0	350	350	350	350	0	0	325	0	0	0	250	0	350	350	350	350	0
chr13_45130950_45131250	0	0	0	0	300	0	0	0	0	0	0	0	0	0	0	0	300	0	0	0	0	300	0	0	0	0	0	0	0	0	0	0	0	0	0	0	0	0	0	0	0	0	0	0	0	0	0	0	0
chr13_45216750_45217350	0	0	0	450	600	0	600	525	0	0	0	0	0	0	0	75	0	0	0	0	375	600	0	0	0	0	0	0	0	0	0	0	0	0	0	0	75	0	0	150	0	0	0	150	0	0	0	0	0
chr13_49559700_49560000	0	0	0	300	300	0	300	300	0	0	0	300	0	0	0	0	0	0	0	0	0	300	0	0	0	0	0	0	0	0	0	0	75	225	0	300	0	225	0	0	0	0	150	0	150	300	300	150	0
chr13_49644950_49645250	0	0	0	0	0	0	300	0	0	0	0	0	0	0	0	0	0	0	0	0	0	300	0	0	0	0	0	0	0	0	0	0	0	0	0	0	0	0	0	0	0	0	0	0	0	0	0	0	0
chr13_49916900_49917250	0	0	0	350	350	0	350	0	0	350	0	25	0	250	0	0	0	0	350	0	0	350	0	0	0	0	0	0	0	0	0	0	0	0	100	0	0	0	250	0	0	0	0	0	0	250	0	0	0
chr13_50005550_50006100	0	0	0	325	100	0	550	100	0	0	0	0	0	0	0	0	0	0	0	0	0	525	0	0	0	0	0	0	0	0	0	0	0	0	0	0	0	0	0	0	0	0	0	0	0	0	0	0	0
chr13_74188550_74188850	0	0	0	300	300	0	300	300	200	0	0	0	0	50	275	275	275	125	25	0	0	275	0	0	300	0	0	0	0	0	0	175	0	0	0	0	0	0	0	0	250	0	0	0	0	0	0	0	100
chr13_95132100_95132400	0	0	0	225	300	0	150	300	0	0	0	0	0	0	0	0	0	0	225	0	0	300	0	0	0	0	0	75	0	75	0	300	0	0	0	0	0	0	0	0	0	0	0	75	0	0	0	0	0
chr13_112969650_112969950	0	0	0	0	0	0	300	0	0	0	0	0	0	0	300	0	0	0	0	0	0	300	0	0	225	225	0	0	0	0	0	0	0	0	0	0	300	300	300	0	0	0	0	300	0	0	0	0	0
chr14_18587850_18588150	150	300	0	0	225	0	300	0	0	150	0	0	0	0	0	0	0	0	0	0	0	300	0	0	0	0	225	0	0	0	0	0	0	300	0	225	0	0	0	0	0	0	0	0	300	300	300	300	75
chr14_21423300_21423600	75	75	300	225	300	0	300	300	150	0	0	0	75	0	0	300	300	0	0	0	0	300	0	0	225	0	0	0	0	0	0	0	0	0	0	0	0	0	0	0	0	0	0	0	0	0	0	0	0
chr14_50133050_50133450	0	400	400	400	400	225	400	400	0	0	0	0	0	100	0	0	0	0	400	0	0	400	0	0	375	0	0	0	0	0	0	0	0	0	100	0	0	0	0	0	0	0	0	400	0	0	0	0	0
chr14_53092500_53092800	0	0	0	0	300	0	0	0	0	0	0	0	0	0	0	0	0	300	300	0	0	300	0	0	225	0	0	0	0	0	0	0	0	0	0	0	0	0	0	300	0	0	0	0	150	0	0	0	0
chr14_54580050_54580500	0	0	0	150	450	0	0	0	0	75	0	0	0	300	0	0	0	0	0	0	0	450	0	0	0	0	0	0	375	0	0	0	0	0	0	0	0	0	0	0	0	0	0	225	0	0	0	0	0
chr14_64398150_64398550	0	400	0	0	400	0	400	400	0	0	0	0	25	375	150	0	0	0	225	0	0	400	0	0	400	0	0	0	0	0	225	325	0	0	325	0	0	0	0	0	0	0	0	0	0	150	375	0	0
chr14_68423250_68423550	0	0	0	0	300	0	0	0	150	0	0	0	0	0	0	150	0	300	150	0	0	300	0	0	0	0	0	0	0	0	0	0	0	0	0	0	0	0	0	0	0	0	0	300	0	0	0	0	0
chr14_69472200_69472500	0	0	0	0	300	0	0	0	0	0	0	0	0	0	0	0	0	225	0	0	0	300	0	0	300	0	0	0	0	0	0	0	0	0	0	0	0	0	0	0	0	300	0	150	0	0	0	0	0
chr14_70685550_70686000	0	0	450	75	450	0	0	75	0	0	0	0	0	450	0	0	0	0	0	0	0	450	0	0	0	0	0	0	0	0	0	0	0	0	0	0	0	0	0	0	0	0	0	225	0	0	0	0	0
chr14_75292800_75293200	0	0	0	0	400	0	400	300	0	0	0	0	0	0	0	0	0	0	0	0	0	0	0	0	0	0	0	0	0	0	0	0	0	0	0	375	0	400	0	0	0	0	0	0	0	150	0	300	300
chr15_50478650_50478950	0	200	0	0	0	250	300	0	0	0	0	0	0	0	0	0	0	0	300	0	0	300	0	0	0	0	0	0	0	0	0	0	0	0	0	0	0	0	0	0	0	0	0	0	25	300	300	0	0
chr15_52015550_52016200	0	0	0	0	0	0	650	0	0	0	0	0	0	0	0	0	0	0	0	0	0	625	0	0	25	0	0	0	0	0	0	0	0	0	0	0	0	0	0	0	0	0	0	0	0	0	0	0	0
chr15_74850550_74850850	0	0	0	0	0	0	300	0	0	0	0	0	0	0	175	0	0	0	0	0	0	275	0	0	0	0	0	0	0	0	0	0	0	0	0	0	0	0	0	0	0	0	0	50	0	0	0	0	0
chr15_82217750_82218100	0	0	175	0	350	0	0	0	0	0	0	0	0	175	0	0	0	0	0	0	0	325	0	0	0	0	0	0	0	0	0	0	0	0	0	0	0	0	0	0	0	0	0	0	0	25	0	0	0
chr15_88542500_88542950	0	0	0	0	450	0	0	0	0	0	0	0	0	175	0	0	0	0	0	0	0	425	0	0	0	0	0	0	0	0	0	0	0	0	0	0	0	450	200	0	0	0	0	0	0	0	0	0	0
chr16_3305250_3305600	0	0	0	0	0	0	125	0	0	0	0	0	0	0	350	125	0	0	0	0	0	150	0	0	350	350	0	0	350	350	350	0	150	225	0	125	0	350	350	350	0	0	350	350	0	350	75	0	350
chr16_11991450_11991750	0	75	0	150	0	225	300	0	0	0	0	0	0	0	0	0	0	0	0	0	0	300	0	0	225	0	0	0	0	0	0	0	0	0	0	0	0	0	0	0	0	0	0	0	0	0	0	0	0
chr16_15588600_15588900	0	0	0	0	0	75	300	0	0	0	0	0	0	0	300	0	0	0	0	0	0	300	0	0	0	0	300	225	0	0	0	0	0	0	0	225	0	0	0	0	0	0	0	0	0	225	225	0	150
chr16_27445800_27446250	0	0	0	0	0	0	450	0	0	0	0	0	0	0	0	0	225	0	0	0	0	450	0	0	450	0	0	450	0	0	375	450	0	0	0	450	0	0	225	0	0	75	0	75	0	0	0	0	0
chr16_28885700_28886100	0	0	0	0	0	0	400	0	0	0	0	0	0	0	0	375	0	0	0	0	0	400	0	0	0	0	0	0	0	0	0	0	0	0	0	0	0	0	150	0	0	0	0	0	0	0	0	0	0
chr16_50195050_50195400	0	0	0	0	0	0	350	0	0	0	0	0	0	0	0	0	0	0	275	0	0	350	0	0	0	0	0	0	0	0	0	0	0	0	0	0	0	0	150	0	0	125	0	0	0	225	225	0	350
chr16_88812550_88813150	0	0	0	0	0	0	600	0	0	0	0	0	0	0	0	100	0	0	0	0	0	600	0	0	0	250	350	0	0	0	0	0	0	500	0	500	0	0	0	0	0	0	0	0	0	275	350	275	0
chr17_1465200_1465500	0	0	0	0	0	75	300	0	0	0	0	0	0	300	300	0	0	0	0	0	0	300	0	0	0	0	0	0	0	0	0	0	0	0	0	0	150	0	0	0	0	0	0	0	0	0	0	0	0
chr17_2862800_2863200	0	0	0	0	0	0	400	0	0	0	0	0	0	0	75	0	0	0	0	0	0	375	0	0	0	0	0	0	0	0	0	75	0	0	0	0	0	0	0	0	0	0	0	0	0	0	0	0	0
chr17_48288350_48288750	0	300	0	0	0	0	400	0	0	0	0	0	0	0	25	0	0	400	400	0	0	375	0	0	0	0	0	0	0	0	0	0	0	0	0	0	0	0	0	0	0	0	0	0	0	0	0	0	150
chr17_59095650_59096000	0	0	0	0	350	0	0	125	0	0	0	0	0	0	0	275	0	0	75	0	0	350	0	0	0	0	0	350	0	0	0	0	0	0	0	0	0	0	0	0	0	0	0	0	0	225	0	0	0
chr17_65016500_65016850	0	0	0	0	350	350	350	250	0	0	0	0	0	0	325	325	350	250	0	0	0	350	0	350	0	0	175	0	0	0	0	250	0	0	0	0	0	0	0	0	0	0	0	0	350	350	25	0	350
chr17_72781250_72781750	0	175	500	0	0	250	500	0	0	0	0	0	0	0	400	0	0	250	500	0	0	400	0	0	250	0	0	0	0	0	0	0	0	0	0	0	0	0	0	0	0	100	0	0	0	400	0	0	0
chr18_79529000_79529400	0	0	0	0	0	150	400	0	0	0	0	0	0	0	400	0	0	0	0	0	0	400	0	0	0	0	0	0	0	0	0	0	0	0	0	0	0	0	0	0	0	0	0	0	0	0	0	0	0
chr19_1005900_1006200	0	0	0	0	0	0	300	0	0	0	0	0	0	0	0	0	0	75	0	0	0	300	0	0	0	0	0	0	0	0	0	0	0	0	0	0	0	0	0	0	0	0	0	0	0	0	0	0	0
chr19_2724750_2725050	75	0	0	75	0	0	300	0	0	0	0	0	0	0	0	0	0	0	0	0	0	300	0	0	0	0	0	0	0	0	0	0	0	0	0	0	0	0	0	0	0	0	0	0	0	0	0	0	0
chr19_9428700_9429000	300	0	0	0	300	0	300	0	0	0	300	0	0	300	0	0	0	0	0	0	0	300	0	0	75	300	0	0	0	0	0	0	0	0	300	0	0	0	300	0	0	0	0	300	0	0	0	0	0
chr19_9536850_9537150	0	150	225	0	300	0	300	300	0	0	0	0	0	0	0	0	0	0	0	0	0	300	0	0	300	0	0	0	150	0	0	225	0	300	225	300	0	300	225	0	0	0	150	75	300	225	300	300	0
chr19_10297950_10298350	400	250	0	0	400	400	400	0	0	0	0	0	0	375	0	0	0	0	0	0	0	400	0	0	0	0	0	0	0	0	0	0	0	0	0	0	0	0	0	0	0	0	0	0	0	0	0	0	0
chr19_12510300_12510600	225	150	0	0	300	0	300	0	150	0	0	0	0	300	0	225	0	225	75	0	0	300	0	0	0	0	0	0	0	0	0	0	300	0	225	225	0	0	0	0	0	0	0	0	150	0	75	300	0
chr19_13683150_13683450	0	300	0	300	300	150	300	75	0	0	0	0	0	0	0	0	0	0	0	0	0	300	0	0	0	0	0	300	0	0	0	0	0	0	0	0	0	0	0	0	0	0	0	0	0	0	0	0	0
chr19_17826600_17827000	0	0	0	0	0	75	300	0	0	0	0	0	0	0	0	0	0	0	0	0	0	375	0	0	0	0	0	0	0	0	0	0	0	0	0	0	0	0	0	0	0	0	0	0	0	0	0	0	0
chr19_19696800_19698250	75	1425	0	0	1425	0	1450	0	0	450	0	250	0	1450	750	825	225	1450	0	0	450	1450	0	0	1450	0	0	1275	975	1125	825	975	75	375	300	600	175	225	975	975	0	225	0	1450	0	0	0	250	0
chr19_19698800_19699350	225	0	0	0	550	0	550	0	75	0	0	0	0	550	375	550	550	550	375	0	0	550	0	0	100	525	225	550	525	525	550	550	550	550	100	375	450	550	550	550	0	550	175	550	225	250	0	300	25
chr19_20022850_20023250	0	125	0	125	400	0	400	0	0	0	0	0	0	400	0	350	0	400	275	0	0	0	0	0	0	0	50	0	400	350	0	400	400	400	0	400	0	0	200	0	0	0	400	350	400	400	400	400	0
chr19_20081600_20082100	0	475	500	475	500	0	500	0	0	0	0	0	0	0	25	0	0	500	0	0	0	475	0	0	0	0	325	0	0	0	0	0	500	500	0	500	0	0	0	0	0	0	0	0	500	25	250	500	325
chr19_20658950_20659250	0	125	0	100	300	0	300	275	0	0	0	0	0	300	300	300	300	300	300	300	0	300	0	0	300	300	300	300	300	300	300	300	300	300	300	300	300	300	300	300	0	300	300	300	300	300	300	300	300
chr19_20659500_20659950	0	0	300	0	450	225	450	75	0	75	0	0	0	450	450	450	450	450	450	450	0	450	0	0	450	450	450	450	450	450	450	450	450	450	450	450	450	450	450	450	0	450	450	450	450	450	450	450	450
chr19_20669900_20670450	175	400	0	0	450	0	550	0	0	0	0	0	0	550	325	25	100	550	0	0	0	550	0	0	0	325	0	0	550	100	100	25	550	550	250	25	450	0	25	0	0	0	0	150	25	0	0	550	0
chr19_20928600_20929000	0	0	0	0	400	0	400	0	0	0	0	0	0	400	0	0	400	400	0	225	0	375	0	400	0	0	400	225	0	225	0	400	0	400	400	175	0	0	325	0	0	0	0	0	0	175	150	400	300
chr19_23135250_23135550	300	0	0	300	300	0	300	300	0	0	0	0	0	0	0	0	0	225	0	0	0	300	0	0	0	300	150	0	0	0	0	0	300	225	0	225	225	0	0	0	0	0	150	0	300	300	300	300	300
chr19_23380300_23380600	200	0	0	0	275	0	300	125	0	0	0	0	0	300	300	300	300	300	300	0	0	300	0	0	300	300	300	300	300	300	300	300	300	300	300	300	300	300	300	300	0	300	300	300	300	300	300	300	300
chr19_27644550_27644950	0	0	0	0	400	0	0	0	0	0	0	0	0	0	0	0	0	0	0	0	0	375	0	0	0	0	0	0	0	0	0	0	150	400	0	0	0	0	0	0	0	0	0	0	400	0	0	400	0
chr19_34216750_34217050	0	0	0	125	300	0	300	0	250	0	0	0	0	0	0	0	0	175	0	0	0	0	0	0	0	0	0	0	0	0	0	0	0	0	0	0	0	0	0	0	0	0	0	0	0	0	0	0	0
chr19_34872900_34873350	75	0	0	300	450	0	450	225	225	225	0	0	0	450	450	0	0	375	75	0	0	450	0	150	225	0	0	0	0	0	0	0	0	0	0	0	0	0	75	0	0	0	0	300	0	0	0	0	75
chr19_36841400_36841800	0	0	0	0	400	0	400	0	0	0	100	0	0	400	225	100	250	100	0	400	0	400	75	0	400	400	400	0	75	150	225	375	400	400	400	400	400	300	150	250	0	0	400	400	400	0	400	400	0
chr19_37198800_37199100	0	0	0	0	300	0	300	300	0	0	0	300	0	300	0	300	300	300	300	0	0	300	0	0	300	300	300	300	300	300	75	300	300	300	300	300	300	300	300	0	0	300	300	300	300	300	300	300	300
chr19_37266950_37267300	0	0	0	0	0	0	350	0	0	350	0	350	0	0	0	0	0	0	0	0	0	300	0	0	325	350	350	0	0	100	0	0	350	350	0	350	0	0	0	0	0	0	325	0	350	250	250	350	250
chr19_37352150_37352550	225	225	0	0	400	225	400	0	0	0	0	100	0	400	0	0	100	400	0	0	0	375	0	0	0	150	400	0	400	0	0	0	400	400	100	400	0	400	0	400	0	0	0	0	400	400	400	400	400
chr19_37692300_37692650	50	0	0	350	275	200	350	275	200	0	0	0	0	0	0	0	0	50	0	0	0	350	0	0	75	0	0	150	350	0	350	0	0	0	0	0	0	350	350	350	0	0	0	350	350	150	0	50	200
chr19_37762800_37763200	0	0	0	0	375	0	400	0	0	0	0	0	0	0	0	0	0	0	0	0	0	0	0	0	0	0	0	0	0	0	0	0	175	0	0	0	0	0	0	0	0	0	0	0	0	0	0	0	0
chr19_45840150_45840450	0	75	75	0	300	0	300	0	0	0	0	0	0	0	225	0	0	0	0	0	0	0	0	0	0	0	0	0	0	0	0	0	0	0	0	0	0	0	0	0	0	0	0	0	0	0	0	0	0
chr19_52576850_52577400	0	150	375	0	525	0	550	0	300	0	0	100	0	550	525	550	550	550	0	100	0	550	0	0	550	475	550	250	475	550	550	550	550	550	550	550	550	550	550	250	0	550	550	550	550	550	550	550	550
chr19_57440300_57440650	0	175	0	0	0	0	325	0	0	0	0	0	0	0	0	0	0	350	0	0	0	350	0	350	350	0	0	0	350	0	350	0	350	350	0	0	0	350	350	0	0	0	0	350	0	0	0	0	0
chr19_57442350_57443100	0	0	750	0	750	0	750	0	0	0	375	0	0	0	0	0	0	750	0	0	0	750	525	0	750	750	225	0	0	0	750	375	750	750	225	150	150	750	750	375	0	0	750	750	750	750	600	750	0
chr19_57447200_57447550	100	0	175	0	325	0	325	100	0	0	0	0	0	250	0	0	0	100	0	0	0	325	0	0	175	100	25	0	100	0	325	100	350	350	0	0	0	175	350	100	0	0	0	25	350	0	0	350	350
chr19_57485850_57486250	0	0	0	0	400	0	400	0	300	0	0	0	0	400	0	400	0	150	100	175	0	400	0	0	400	400	400	0	0	0	400	0	400	400	400	400	400	400	400	75	0	0	400	0	400	400	400	400	400
chr19_58000200_58000750	0	0	0	0	525	0	550	225	0	0	0	550	0	0	0	75	25	250	0	225	0	550	0	0	550	550	550	0	100	175	25	0	550	550	0	550	0	550	550	550	0	0	550	550	550	550	550	550	550
chr2_3285950_3286400	0	0	0	0	0	0	450	0	0	0	0	0	0	0	125	0	0	0	0	0	0	450	0	0	0	0	0	0	0	0	0	0	0	0	0	0	0	0	0	0	0	0	300	0	0	0	0	0	0
chr2_11446850_11447150	0	0	0	0	0	0	300	0	0	0	0	0	0	0	275	0	0	0	0	0	0	300	0	0	0	0	0	300	0	0	0	0	0	0	0	0	0	250	0	125	0	0	200	0	0	0	0	0	0
chr2_15943050_15943500	0	0	0	0	0	0	450	0	0	0	0	0	0	450	450	450	150	450	0	0	0	450	0	0	300	225	450	450	450	150	450	450	450	450	0	450	225	450	450	0	0	0	0	450	0	150	0	0	75
chr2_24836000_24836500	0	100	0	0	0	0	500	0	0	0	0	0	0	0	0	25	0	0	0	0	0	450	0	0	0	0	175	0	0	0	0	0	0	0	0	0	0	0	0	0	0	0	0	500	0	0	0	0	0
chr2_37903500_37903800	0	150	0	0	300	0	300	300	0	0	0	0	0	0	0	0	0	0	0	0	0	300	0	0	0	0	0	0	0	0	0	150	0	0	0	0	0	0	0	0	0	0	0	0	0	0	0	0	300
chr2_43173250_43173600	0	0	0	0	350	0	0	125	0	0	0	0	0	0	0	225	350	0	0	0	0	350	0	0	0	0	0	0	0	350	0	0	0	0	0	0	0	0	0	0	0	0	0	350	0	0	0	0	0
chr2_47815250_47815550	0	0	0	0	0	0	300	50	25	0	0	0	0	300	0	300	0	25	0	0	0	300	0	0	0	0	0	0	0	0	0	0	0	0	0	0	0	0	0	0	0	0	0	0	0	0	0	0	0
chr2_61079750_61080050	0	125	0	125	0	0	300	0	0	0	0	0	0	0	300	0	0	0	250	0	0	300	0	0	0	0	0	0	0	0	0	0	0	0	0	0	0	0	300	0	0	0	0	0	0	0	0	0	0
chr2_64316250_64316550	0	300	0	0	300	0	0	0	0	0	0	0	0	300	0	0	0	300	0	0	0	300	0	0	0	0	300	75	0	0	0	0	0	0	0	0	0	0	0	0	0	0	0	0	0	225	0	0	0
chr2_75093400_75093750	0	0	50	0	350	0	0	0	0	0	0	0	0	0	0	0	0	350	0	0	0	350	0	0	0	0	0	0	0	0	0	200	0	0	0	0	0	0	0	125	0	300	0	350	0	0	0	0	350
chr2_85142700_85143000	0	0	0	0	300	0	0	0	0	0	0	0	0	0	300	0	0	300	0	0	0	300	0	0	0	0	0	0	0	0	0	0	0	0	0	0	300	0	0	0	0	0	0	300	0	0	0	0	0
chr2_99684950_99685350	0	25	0	0	0	0	400	0	0	0	0	0	0	0	0	0	0	0	0	0	0	375	0	0	75	0	0	0	0	0	0	0	0	0	0	0	0	0	0	0	0	0	0	0	0	0	0	0	0
chr2_112607600_112608000	0	325	75	0	0	0	400	0	0	0	0	0	0	400	400	150	250	400	0	0	0	375	0	0	0	0	0	75	0	0	0	0	0	0	0	0	0	0	0	0	0	0	0	0	0	0	0	0	0
chr2_195529350_195529800	300	450	0	0	450	0	450	450	300	0	150	300	0	0	0	225	375	225	0	450	0	450	0	0	0	0	150	0	75	0	450	450	0	300	0	75	375	0	225	0	0	450	0	0	450	0	0	0	450
chr2_232994500_232994800	275	275	0	0	300	125	300	200	250	0	0	0	25	300	300	250	0	300	250	0	0	275	0	0	0	250	300	250	0	0	175	275	0	300	300	0	0	275	275	0	300	300	0	0	100	175	175	25	175
chr20_3757350_3757800	0	0	0	225	225	0	450	75	0	0	0	0	0	0	0	0	0	0	0	0	0	450	0	0	0	0	0	0	0	0	0	0	0	0	0	0	0	0	0	0	0	0	0	0	0	0	0	0	0
chr20_32233650_32233950	0	0	0	0	0	0	300	0	0	0	0	0	0	0	0	0	0	75	0	0	0	300	0	0	0	0	0	0	0	0	0	0	0	0	0	0	0	0	0	0	0	0	0	150	0	0	0	0	0
chr20_32471450_32471800	0	0	0	0	0	0	350	0	0	0	0	0	0	0	0	0	175	0	0	0	0	300	0	0	0	0	0	0	0	0	0	0	175	0	0	0	0	0	325	175	0	25	0	0	0	0	250	0	0
chr20_34350500_34350850	0	250	0	350	350	350	350	350	0	0	0	0	0	0	0	0	0	0	0	0	0	350	0	0	0	0	0	25	0	0	0	325	0	0	0	0	0	0	0	0	0	0	0	0	0	0	250	0	0
chr20_35210000_35210350	0	0	0	325	350	0	0	25	0	0	0	0	0	100	0	0	0	175	0	0	0	325	0	0	0	0	0	0	0	0	0	0	0	0	0	0	0	0	0	0	0	0	0	0	0	0	0	0	0
chr20_48928000_48928300	0	0	0	0	0	0	300	200	0	0	0	0	0	0	0	0	0	0	300	0	0	275	0	0	0	0	0	0	0	0	0	0	0	0	0	0	275	0	0	0	0	0	0	0	0	0	0	0	0
chr21_41222050_41222350	0	50	0	0	0	0	300	50	0	0	0	0	0	0	200	300	0	0	0	0	0	300	0	0	0	0	0	0	0	0	0	0	0	0	0	0	0	0	0	0	0	0	0	0	0	0	0	0	0
chr22_12798150_12798450	0	0	0	0	300	150	300	0	75	0	0	300	0	300	0	0	0	0	0	0	0	300	0	0	300	75	0	300	0	150	300	0	300	300	0	300	0	0	300	0	0	0	300	0	75	0	0	300	0
chr22_17245950_17246300	0	350	0	50	225	0	350	350	0	0	0	0	0	0	0	0	0	0	0	0	0	125	0	0	0	0	0	0	0	0	0	0	0	0	0	0	0	0	0	0	0	0	0	0	0	0	0	0	0
chr22_17274850_17275450	0	300	0	125	575	275	600	0	50	0	0	0	0	0	0	0	0	0	0	0	0	575	0	0	0	0	0	0	0	0	0	0	0	0	125	0	0	0	175	0	0	0	0	0	0	0	0	0	0
chr22_20758800_20759150	0	50	0	0	0	0	350	50	0	0	0	0	0	0	0	225	0	150	0	0	0	350	0	0	300	0	0	0	0	0	0	0	0	0	0	0	0	0	225	0	0	0	0	225	0	0	0	0	0
chr22_42162750_42163050	0	0	0	0	0	0	300	0	0	0	0	0	0	0	300	0	0	300	0	0	0	300	0	0	0	0	0	0	0	0	0	0	0	0	0	0	0	0	0	0	0	0	0	0	0	0	0	0	0
chr22_46218800_46219200	0	400	0	175	400	25	400	400	0	0	0	0	0	0	0	0	0	0	0	0	0	375	0	0	0	0	0	0	0	0	0	0	0	0	0	0	0	0	0	0	0	0	0	0	0	0	0	0	0
chr22_46379500_46379850	0	0	0	0	0	0	350	0	0	0	0	0	0	0	0	0	0	350	350	0	0	350	0	0	0	0	0	300	0	0	0	0	0	0	0	0	0	350	0	0	0	0	0	300	0	0	0	0	0
chr22_49489350_49489650	0	0	0	0	0	0	0	0	0	0	0	0	0	0	0	0	0	0	0	0	0	300	0	0	300	0	0	0	0	0	0	0	0	0	0	0	0	75	300	0	0	0	150	75	0	225	0	0	0
chr22_49572450_49572950	0	300	50	0	500	0	500	0	0	0	350	125	0	0	0	0	0	500	0	0	0	500	0	0	350	0	0	0	0	0	0	200	0	0	0	0	0	275	0	0	500	0	0	275	0	0	0	0	0
chr3_4352550_4353050	0	0	425	125	500	0	0	50	0	0	0	0	0	0	500	0	0	0	0	0	0	500	0	0	0	500	0	0	375	0	0	0	0	0	0	0	0	0	0	0	0	0	0	0	0	0	0	0	0
chr3_4471050_4471400	0	350	350	150	350	0	0	0	0	0	0	0	0	0	75	0	0	350	0	0	0	350	0	0	0	0	0	0	0	0	0	0	0	0	0	0	0	0	0	0	0	0	0	350	0	125	0	0	0
chr3_9668700_9669000	0	0	0	0	300	0	0	75	0	0	0	0	0	0	0	0	0	0	0	0	0	300	0	0	0	0	0	0	0	0	0	0	0	0	0	0	0	0	0	0	0	0	0	225	0	0	0	0	0
chr3_10314250_10314550	0	300	0	0	300	0	0	50	0	0	0	0	0	0	0	50	0	0	0	0	0	275	0	0	0	0	0	0	0	0	0	0	0	0	0	0	0	0	0	0	0	0	0	0	0	0	250	0	0
chr3_14388750_14389150	400	400	175	0	400	0	400	400	0	0	0	0	0	100	0	0	0	0	0	0	150	375	100	0	0	0	0	0	0	0	0	0	0	0	0	0	0	400	0	0	0	0	0	25	0	0	0	0	0
chr3_15080350_15080650	100	0	50	0	0	0	300	0	0	0	0	0	0	0	0	0	0	0	0	0	0	300	0	0	300	0	0	0	0	0	0	0	0	0	0	0	0	0	0	0	0	0	0	300	0	0	0	0	0
chr3_32754800_32755300	0	500	0	0	500	0	500	500	375	0	0	0	0	0	475	0	0	0	0	0	0	500	0	0	0	0	0	0	0	0	0	0	0	0	0	0	0	0	0	0	0	0	0	0	0	0	0	0	0
chr3_47375250_47375550	0	225	0	0	300	75	0	0	0	0	0	0	0	300	0	0	0	0	0	0	0	300	0	0	0	0	225	0	0	0	0	0	0	0	0	0	0	0	0	0	0	0	0	300	0	0	0	0	0
chr3_49435050_49435550	500	500	0	150	500	0	500	500	50	0	0	0	0	0	0	0	0	0	0	0	0	500	0	0	0	0	0	0	0	0	0	0	0	0	0	0	0	0	0	0	0	0	0	0	0	0	0	0	0
chr3_57570150_57570550	0	375	0	400	400	0	400	400	0	0	0	0	0	0	0	0	250	0	0	0	0	400	100	0	0	0	0	0	0	0	0	100	0	0	0	0	0	0	0	0	0	0	0	0	175	25	150	0	250
chr3_71420100_71420550	0	150	0	0	450	0	0	0	375	0	0	0	0	0	0	0	0	0	0	0	0	450	0	0	0	0	0	0	0	0	0	0	450	0	0	0	0	225	0	0	0	0	0	0	0	0	0	0	0
chr3_71496350_71496700	0	325	0	175	350	0	0	325	300	0	0	0	0	0	0	0	350	0	0	0	0	325	0	0	0	0	0	0	250	0	0	0	175	0	0	0	175	0	350	100	0	0	0	350	0	100	0	0	0
chr3_75441600_75441900	300	300	150	300	300	0	300	0	0	0	0	0	0	0	0	0	0	0	0	0	0	300	0	0	0	0	0	0	0	0	0	0	0	0	0	0	0	0	0	0	0	0	0	0	0	0	0	0	0
chr3_112548150_112548450	0	0	0	0	300	0	300	225	75	0	0	0	0	0	0	0	0	0	300	0	0	0	0	0	0	0	0	0	0	0	0	0	0	0	0	0	0	0	0	0	0	0	0	0	0	0	0	0	0
chr3_114242000_114242400	0	150	0	0	400	0	0	0	0	0	75	0	0	175	400	0	75	25	0	0	0	400	0	0	100	0	0	400	25	0	100	0	0	0	0	0	0	0	400	0	0	0	0	0	0	0	0	0	0
chr3_122641650_122642050	400	400	375	0	400	400	400	400	400	100	0	0	0	0	0	175	0	0	0	0	0	375	0	0	0	0	0	0	0	0	0	0	0	0	0	175	0	400	0	0	0	225	0	0	0	0	0	0	0
chr3_129369050_129369350	0	200	0	25	300	0	175	0	0	0	0	0	0	0	300	0	0	0	0	0	0	275	0	0	0	0	0	0	0	0	0	0	0	0	0	0	0	0	0	275	0	0	0	175	0	0	0	0	0
chr3_141339550_141340000	0	0	50	0	450	0	0	0	0	0	0	0	0	450	0	275	250	450	450	0	0	425	0	0	425	0	0	0	0	0	0	0	0	0	0	250	0	0	250	0	0	0	0	325	0	100	0	0	0
chr3_143580500_143580850	0	0	0	0	350	0	0	0	0	0	0	0	0	350	0	0	0	100	0	0	0	325	0	0	350	0	0	0	0	0	0	0	0	0	0	0	350	0	250	0	0	0	0	0	0	350	25	0	0
chr3_143834750_143835150	0	0	0	250	400	0	0	0	0	0	0	0	0	75	0	0	300	300	0	0	0	375	0	0	0	0	0	0	0	0	0	0	0	0	0	0	0	0	375	0	0	0	0	0	0	0	0	0	0
chr3_149003900_149004300	0	0	0	0	400	0	0	0	0	0	0	0	0	0	400	0	0	0	250	0	0	375	0	0	0	0	0	0	0	0	0	0	0	0	0	0	0	0	400	0	0	0	0	0	0	325	0	0	75
chr3_149198100_149198450	0	150	50	0	350	0	75	0	0	0	275	0	0	150	350	0	0	0	275	0	0	350	0	0	350	0	0	0	0	0	0	75	0	0	0	0	0	350	0	0	0	0	0	0	0	75	0	0	75
chr3_158727200_158727600	0	0	0	0	400	0	0	0	0	0	0	0	0	0	0	0	0	0	0	0	0	400	0	0	400	0	225	0	0	0	0	0	0	0	0	0	0	0	0	0	0	0	0	0	0	0	0	0	0
chr3_169830600_169830900	0	0	0	0	300	0	0	0	0	0	0	0	0	75	0	150	0	300	300	0	0	300	0	0	0	0	0	0	0	0	0	0	0	0	0	0	0	0	0	225	0	0	0	0	0	0	0	0	0
chr3_188110050_188110450	0	0	225	0	400	0	0	0	0	0	0	0	0	0	0	0	0	0	0	0	0	375	0	0	0	0	0	0	0	325	0	0	0	0	0	0	0	0	0	0	0	0	0	0	0	0	0	0	175
chr3_188532600_188533000	0	0	250	0	400	0	0	75	0	0	0	0	0	400	400	400	0	150	175	0	0	400	0	0	0	0	0	400	0	0	0	0	0	0	0	0	0	225	0	400	0	0	0	0	0	400	0	0	0
chr3_194490000_194490450	0	0	75	0	450	0	0	0	0	0	0	0	0	300	0	0	150	0	0	0	0	450	0	0	0	0	300	0	0	0	0	0	0	0	0	0	0	300	0	0	0	0	0	0	0	300	0	0	75
chr3_197920500_197920800	150	75	0	0	0	0	300	75	300	0	0	0	0	0	300	0	0	0	0	0	0	300	0	0	300	0	0	0	0	0	0	0	300	300	0	75	0	0	0	0	0	300	0	0	300	0	300	300	300
chr4_1312700_1313000	0	0	0	100	0	0	300	0	0	0	0	0	0	0	275	0	0	0	0	0	0	300	0	0	100	0	125	0	0	0	0	0	0	275	0	200	0	0	0	0	0	0	0	0	0	0	50	0	0
chr5_65172000_65172400	0	0	100	325	0	0	400	0	0	0	0	0	0	250	300	0	0	0	0	0	0	375	0	0	0	0	0	0	0	0	0	0	0	0	0	0	0	0	0	0	0	150	0	0	0	0	0	0	25
chr5_140491200_140491500	0	0	0	0	0	0	300	225	0	0	0	0	75	0	75	0	0	0	0	0	0	300	0	0	75	0	0	0	0	0	0	0	0	0	0	0	0	0	0	0	0	0	0	0	0	0	0	0	0
chr5_150718700_150719050	0	0	0	0	0	175	350	0	0	0	0	0	0	0	175	250	0	0	0	0	0	300	0	0	0	0	0	0	0	0	0	0	0	0	0	0	0	0	0	0	0	0	0	0	0	0	0	0	0
chr6_7069350_7069850	275	275	0	0	450	0	500	125	0	0	0	0	0	0	0	0	0	0	0	0	0	125	0	0	0	0	0	0	0	0	0	0	0	0	0	0	0	0	0	0	0	0	0	0	0	125	0	0	275
chr6_10542750_10543100	350	0	0	0	350	0	350	275	125	0	0	0	0	0	0	0	0	0	0	0	0	350	0	0	350	0	0	0	0	0	0	0	0	0	0	0	0	0	0	0	75	0	0	0	0	0	75	0	0
chr6_10604050_10604450	125	200	0	0	400	200	400	400	125	0	0	0	0	0	0	0	0	0	0	0	0	400	0	0	0	0	0	0	0	0	0	0	0	0	0	0	0	0	0	0	0	0	0	0	0	0	0	0	0
chr6_11367750_11368150	0	0	0	0	400	0	0	0	0	0	0	0	0	250	325	0	0	0	0	0	0	375	0	0	0	0	0	0	0	0	0	0	0	0	0	0	0	0	250	300	0	0	0	375	0	300	0	0	100
chr6_13473850_13474150	0	300	0	100	300	0	275	300	0	0	0	0	0	0	0	0	125	0	0	0	0	275	0	0	0	0	0	0	0	0	0	0	0	0	0	0	0	0	0	0	0	125	0	0	0	0	0	0	0
chr6_18430500_18430900	100	25	0	225	400	0	0	0	250	0	0	0	0	0	0	0	0	0	0	0	0	375	0	0	0	0	0	0	0	0	0	0	0	0	0	0	0	0	0	0	0	0	0	0	0	0	0	0	0
chr6_18443350_18443650	0	200	0	125	300	0	275	0	0	0	0	0	0	0	0	0	0	250	0	0	0	300	0	0	25	0	0	0	0	0	0	0	0	0	0	0	0	0	50	125	0	0	0	0	50	0	25	0	0
chr6_32105500_32105950	50	275	125	0	275	0	450	125	200	0	0	0	0	0	325	450	0	425	175	0	0	425	0	0	275	0	0	350	425	0	0	0	0	0	0	0	200	0	200	0	0	0	0	450	0	125	450	0	0
chr6_32653100_32653600	300	0	0	0	500	0	500	0	0	500	0	0	0	400	0	0	25	0	0	0	0	500	0	0	0	0	0	0	175	500	500	0	0	0	100	0	0	500	250	0	325	0	0	0	0	0	100	0	0
chr6_33125300_33125650	0	0	0	0	350	0	350	0	0	0	25	0	0	0	25	100	0	0	0	0	0	175	0	0	0	25	250	325	0	250	0	0	0	350	250	350	25	0	350	25	100	0	350	25	0	325	175	0	25
chr6_33568350_33568900	0	550	0	25	550	0	0	250	0	0	0	0	0	0	0	0	0	375	0	0	0	550	0	0	0	150	0	0	0	0	0	0	0	0	0	0	0	0	0	0	0	0	0	0	0	0	0	0	0
chr6_41988600_41989000	0	250	0	150	400	0	400	0	0	0	0	0	0	0	0	0	0	0	0	0	0	0	0	0	0	0	0	0	0	0	0	0	0	0	0	0	0	0	0	0	0	0	0	0	0	0	0	0	0
chr6_43001700_43002050	225	200	0	0	350	0	275	0	0	0	0	0	0	0	0	0	0	0	0	0	0	350	0	0	0	0	0	0	0	0	0	0	0	0	0	0	0	0	0	0	0	0	0	0	0	0	0	0	0
chr6_44456250_44456700	0	0	0	0	450	0	450	0	0	0	0	0	0	75	0	0	0	0	0	0	0	450	0	0	0	0	0	0	0	0	0	0	0	0	0	0	0	0	0	0	0	0	0	300	0	0	0	0	0
chr6_53895250_53895550	125	125	200	0	275	0	300	200	125	0	0	0	0	175	50	0	0	200	300	0	0	300	0	0	50	0	0	125	300	0	0	0	0	0	0	50	200	50	0	0	0	0	0	0	0	275	300	0	0
chr6_70734300_70734600	0	300	0	0	300	225	300	0	0	0	0	0	0	0	300	0	0	0	0	0	0	300	0	0	225	300	0	0	0	0	0	0	0	0	0	0	0	0	0	0	0	0	0	0	0	75	0	0	75
chr6_73252300_73252800	0	500	0	75	500	0	0	150	0	0	0	0	0	0	0	0	0	350	0	0	0	500	0	0	0	0	0	0	0	0	0	0	0	0	0	125	0	225	0	0	0	0	0	200	0	0	0	0	0
chr6_89444800_89445600	75	800	0	225	800	150	800	800	450	0	0	0	0	0	0	0	750	0	500	0	0	800	0	0	0	0	0	0	0	0	0	0	0	0	50	300	0	0	0	275	0	275	0	0	0	375	350	350	125
chr6_89982900_89983300	300	0	0	25	400	0	0	0	0	0	0	0	0	0	0	0	0	0	0	0	0	375	0	0	0	0	0	0	0	0	0	0	0	0	0	0	0	150	0	0	0	0	0	0	0	0	0	0	0
chr6_90052250_90052800	0	0	0	0	375	0	550	0	0	0	300	0	0	0	0	0	0	0	0	0	0	400	0	0	175	100	0	0	0	0	0	0	150	0	0	0	0	0	0	0	0	0	0	550	550	550	325	550	550
chr6_90489150_90489550	0	0	0	375	400	0	0	0	0	0	0	0	0	0	375	0	0	100	325	0	0	375	0	0	0	0	225	0	325	0	0	0	400	0	0	0	0	0	400	0	0	175	0	0	0	0	0	0	400
chr6_108072300_108072750	375	0	0	300	450	375	0	300	0	0	0	0	0	0	0	375	0	0	0	0	0	450	0	0	0	0	0	0	0	0	0	0	0	0	0	0	0	0	0	0	0	0	0	150	0	0	0	0	0
chr6_110617100_110617500	0	375	0	0	400	0	0	0	0	0	0	0	0	0	175	0	0	325	0	0	0	375	0	0	0	0	0	0	0	0	0	0	0	0	0	0	0	0	0	0	0	0	0	0	0	250	150	0	0
chr6_129606900_129607200	0	0	0	0	300	0	0	0	0	0	0	0	0	0	0	0	0	0	0	0	0	300	0	0	75	0	0	0	0	0	0	0	0	0	0	0	0	0	0	0	0	0	0	300	0	0	0	0	0
chr6_131366400_131366700	0	75	0	0	300	0	0	75	0	0	0	0	0	0	300	0	0	0	0	0	0	300	0	0	300	0	0	0	300	0	0	0	0	0	0	0	0	0	0	0	0	0	0	0	0	0	0	0	225
chr6_135141500_135141800	0	250	0	0	300	200	0	0	0	50	0	0	0	125	0	0	0	0	0	0	0	300	0	0	0	0	0	0	0	0	0	300	0	0	0	0	200	0	0	0	0	0	0	0	0	0	0	0	0
chr6_136148200_136148650	0	250	0	0	450	0	0	0	50	0	0	0	125	0	0	0	0	450	200	0	0	425	0	0	50	0	0	0	0	0	0	0	0	0	0	0	0	0	0	0	0	0	0	0	0	0	0	0	0
chr6_143828700_143829100	0	0	0	0	375	0	0	0	300	0	0	0	0	400	0	0	0	0	0	0	0	375	0	0	0	0	0	0	300	0	0	0	0	0	0	0	0	0	0	0	0	0	0	400	0	0	0	0	0
chr6_158630250_158630550	0	0	0	0	300	0	0	300	0	0	0	0	0	0	0	0	0	300	0	0	0	300	0	0	0	0	0	0	0	0	0	0	0	0	0	0	0	0	0	0	0	0	0	0	0	0	0	0	0
chr6_169489550_169490200	250	650	250	0	650	0	650	0	0	25	0	0	0	0	0	0	175	0	0	0	0	650	0	0	0	0	0	25	0	0	0	100	0	0	0	0	300	0	400	0	0	0	0	0	0	0	0	0	550
chr7_633850_634150	0	300	250	275	50	0	300	200	275	0	0	0	0	0	0	0	0	0	0	0	0	275	0	0	0	125	0	0	0	0	0	0	0	0	0	0	0	0	50	0	0	0	0	0	0	0	0	0	0
chr7_18472550_18473000	0	0	50	0	450	0	0	0	0	0	0	0	0	125	0	0	0	450	0	0	0	450	0	0	0	0	0	0	0	0	0	0	0	350	0	50	0	250	0	0	0	0	0	425	0	125	0	0	0
chr7_18501900_18502350	0	0	0	300	450	0	0	0	0	0	0	0	0	375	150	0	0	0	0	0	0	450	0	0	0	0	0	0	0	0	75	450	0	300	0	0	0	0	0	450	0	0	375	0	450	450	375	150	0
chr7_30562650_30563100	0	300	0	300	0	0	450	0	0	0	0	0	0	0	0	0	0	450	0	0	0	450	0	0	0	0	0	0	0	0	0	0	0	0	0	225	0	0	0	0	0	0	0	225	0	0	0	0	0
chr7_35925150_35925450	0	0	0	0	300	0	300	0	0	0	0	0	0	0	300	0	0	0	0	0	0	0	0	0	0	0	0	0	0	0	0	0	0	0	0	75	0	75	75	0	0	0	75	0	75	75	0	0	225
chr7_47522250_47522850	0	375	75	0	0	0	600	0	0	0	0	0	0	0	150	0	600	0	0	0	0	600	0	0	0	0	0	0	0	0	0	0	0	0	0	0	0	0	0	0	0	0	0	225	0	0	0	0	0
chr7_56800350_56800650	300	0	0	75	300	300	300	300	75	0	0	0	0	225	0	0	0	0	300	0	0	300	0	0	0	300	300	225	0	0	0	0	300	300	0	300	75	0	0	0	0	0	300	150	300	300	300	300	300
chr7_63630900_63631200	0	0	0	0	300	0	300	0	0	0	0	0	0	0	0	0	0	0	0	0	0	0	0	0	0	0	0	0	0	0	0	0	0	0	0	0	0	0	0	0	0	0	0	0	0	0	0	0	0
chr7_63631500_63631850	0	0	0	0	350	0	350	0	0	0	0	0	0	0	0	0	0	0	0	0	0	0	0	0	0	0	0	0	0	0	0	0	0	0	0	0	0	0	0	0	0	0	0	0	0	0	0	50	0
chr7_65082900_65083200	0	150	0	0	300	0	300	0	0	0	0	0	0	0	0	0	0	0	0	0	0	0	0	0	0	0	0	0	0	0	0	0	0	0	0	0	0	0	0	0	0	0	0	0	0	0	0	0	0
chr7_65338550_65338950	150	0	0	0	400	0	150	150	225	0	0	0	0	300	0	400	300	400	0	0	0	400	0	0	0	0	0	325	0	0	400	75	0	0	0	0	400	0	0	300	0	0	0	400	0	0	0	0	0
chr7_65448350_65448850	0	0	0	0	500	0	0	0	0	0	0	0	0	500	0	0	25	500	0	0	0	475	0	0	0	0	0	100	0	0	0	250	0	0	0	0	0	0	175	0	0	300	0	250	0	0	0	0	0
chr7_76285150_76285600	0	0	0	0	450	0	425	0	0	0	0	0	0	0	100	50	0	50	0	0	0	450	0	0	0	250	0	0	0	0	0	0	0	0	0	0	0	0	0	0	0	0	0	100	0	0	0	0	0
chr7_98131950_98132250	0	0	0	0	0	0	300	150	0	0	0	0	0	0	0	0	0	300	300	0	0	300	0	0	0	0	0	300	0	0	0	300	0	0	0	0	0	0	0	0	0	0	0	0	0	0	0	0	0
chr7_100454800_100455100	0	50	50	0	0	0	300	0	0	0	0	0	0	0	0	0	0	0	0	0	0	300	0	0	0	0	0	0	0	0	0	0	0	0	0	0	0	0	0	0	0	0	0	0	0	0	0	0	0
chr7_105547350_105547650	0	0	75	0	300	0	0	0	0	0	0	0	0	0	0	0	0	0	0	0	0	300	0	0	0	0	0	0	0	0	0	0	0	0	0	0	0	0	0	0	0	0	0	0	0	0	0	0	300
chr7_128344850_128345350	100	0	175	0	500	25	0	0	0	0	0	0	0	0	0	0	0	0	0	0	0	475	0	0	100	0	0	0	0	0	0	0	0	0	0	0	0	0	0	0	0	0	250	250	0	0	0	0	0
chr7_128901600_128901900	300	300	150	300	300	0	300	300	0	0	0	0	0	300	0	300	0	75	0	0	0	300	0	0	300	0	0	0	0	300	0	0	300	300	0	300	0	150	0	0	0	0	0	225	0	0	300	75	0
chr7_129679750_129680100	350	350	50	0	350	0	350	350	275	0	0	0	0	0	225	0	150	0	75	0	0	350	0	0	0	0	225	0	0	0	0	0	0	0	150	0	0	0	0	75	0	0	0	0	0	0	0	0	0
chr7_129742800_129743100	0	0	0	0	300	0	0	0	0	0	0	0	0	0	0	0	0	0	75	0	0	300	0	0	0	0	0	0	0	0	0	0	0	0	0	0	0	0	0	0	0	0	0	0	0	0	0	0	0
chr7_130725750_130726050	0	300	0	0	0	0	300	0	0	0	0	0	0	300	0	0	0	0	150	0	0	300	0	0	0	0	0	0	0	0	0	0	0	0	0	0	0	0	0	0	0	0	0	0	0	150	0	0	225
chr7_135192600_135192900	0	75	0	0	0	0	300	0	0	0	0	0	0	0	0	0	0	0	0	0	0	300	0	0	300	0	0	300	0	0	0	0	0	0	0	0	0	0	0	0	0	0	0	75	0	0	0	0	0
chr7_136011000_136011300	0	225	0	150	300	0	0	0	0	0	0	0	0	0	0	0	0	0	0	0	0	300	0	0	0	0	0	0	0	0	0	0	0	0	0	0	0	300	0	0	0	0	0	0	0	0	0	0	0
chr7_140540650_140541000	0	225	0	0	0	0	350	0	0	0	0	0	0	0	0	0	0	0	0	0	0	350	0	0	0	0	0	0	0	0	0	0	0	0	0	0	0	50	0	0	0	0	0	0	0	0	0	0	0
chr7_143744750_143745100	0	0	0	0	0	0	350	0	0	0	0	0	0	0	0	0	0	0	0	0	0	300	0	0	0	0	0	0	0	0	0	0	0	0	0	0	0	0	0	0	0	0	0	0	0	0	0	0	0
chr8_26386400_26386750	0	0	0	0	350	0	350	325	0	0	0	0	100	325	0	0	325	325	350	0	0	325	0	0	0	0	0	0	0	0	0	0	0	0	0	0	0	0	0	0	0	0	0	0	0	0	0	0	0
chr8_27305250_27305550	0	0	0	0	300	0	0	0	0	0	0	0	0	0	0	0	0	0	0	0	0	300	0	0	0	0	0	0	0	0	0	0	0	0	0	0	0	0	150	0	0	0	0	0	0	0	0	0	0
chr8_37530450_37530850	0	0	0	300	400	0	0	0	0	0	0	0	0	0	0	0	0	0	0	0	0	400	0	0	150	0	0	0	0	0	0	0	0	0	0	0	0	0	0	0	0	0	0	375	0	0	0	0	0
chr8_37718850_37719250	0	400	0	0	400	100	400	0	375	0	0	0	0	0	0	0	0	0	0	0	0	400	0	0	0	0	0	250	0	0	0	25	0	0	0	0	0	0	0	0	0	0	0	0	0	0	75	0	0
chr8_60292350_60292650	0	0	300	0	300	0	300	0	0	0	300	0	0	150	0	300	300	0	0	0	0	300	0	0	0	0	0	0	75	0	300	300	0	0	0	0	0	300	300	300	225	0	0	0	0	0	0	75	0
chr8_60971750_60972150	0	400	0	75	400	25	0	0	0	0	0	0	0	0	400	0	0	0	0	0	0	400	0	0	0	0	0	0	0	0	0	0	0	0	0	0	0	0	150	0	0	0	0	0	0	300	0	0	150
chr8_65589650_65590300	100	250	0	175	650	100	175	175	175	0	0	0	0	625	0	0	0	0	0	0	0	600	0	0	0	0	0	475	0	0	0	250	0	0	0	0	0	0	175	0	0	0	0	100	0	0	0	0	0
chr8_80168700_80169000	0	0	0	0	300	0	0	75	0	0	0	0	0	0	0	0	0	0	0	0	0	300	0	0	0	0	0	0	0	0	0	0	0	0	0	0	0	0	0	300	0	0	0	0	0	225	0	0	0
chr8_91128900_91129200	0	0	225	0	300	0	0	0	0	0	0	0	0	0	150	0	0	0	0	0	0	300	0	0	0	0	0	0	0	0	0	0	0	0	0	0	0	0	0	0	0	0	0	0	0	0	0	0	0
chr8_98478300_98478600	0	0	0	0	300	0	0	0	0	0	0	0	0	0	0	0	0	0	0	0	0	300	0	0	0	0	0	0	0	0	0	0	0	0	0	0	0	0	0	0	0	0	0	0	0	0	0	0	0
chr8_100979300_100979650	0	350	100	25	350	0	350	350	0	0	0	0	100	0	350	0	0	0	0	0	0	350	100	0	0	0	0	0	0	0	0	325	0	0	0	0	0	0	0	0	0	0	0	0	0	0	100	0	0
chr8_102760400_102760700	50	275	300	275	300	0	300	50	0	0	0	0	0	125	250	0	0	0	0	0	0	300	0	0	0	0	0	0	0	0	0	0	0	0	0	0	0	0	0	0	0	0	0	250	0	25	0	0	0
chr8_108907950_108908350	0	0	0	325	400	0	0	0	0	0	0	0	0	400	400	0	0	0	0	0	0	375	0	0	0	0	0	0	75	0	0	0	0	0	0	0	0	0	0	0	0	0	0	0	0	0	0	0	0
chr8_124631750_124632100	0	175	250	350	350	175	350	0	0	0	325	0	0	0	0	0	350	0	0	0	0	350	0	0	325	0	0	0	0	0	0	0	0	0	0	0	0	0	0	0	0	0	0	0	0	0	0	0	0
chr8_127845200_127845750	0	0	0	0	550	0	0	0	0	0	0	0	0	0	0	0	0	0	0	0	0	550	0	0	0	0	0	0	0	0	0	0	0	0	0	0	0	0	150	0	0	0	0	0	0	175	0	0	0
chr8_130148400_130148700	0	75	0	75	300	0	0	75	0	0	0	0	0	0	75	0	0	300	0	0	0	300	0	0	0	0	0	0	0	0	0	0	0	0	0	0	0	0	0	0	0	0	0	0	0	0	0	0	0
chr9_386600_386900	0	25	125	0	300	0	0	0	0	0	0	0	0	0	0	0	0	0	0	0	0	275	0	0	0	0	0	0	0	0	0	0	0	0	0	0	0	0	0	0	0	0	0	0	0	0	0	0	0
chr9_2119500_2119950	0	375	0	375	450	0	0	0	0	0	0	0	0	0	0	0	0	0	0	0	0	450	0	0	0	0	0	0	0	0	0	0	0	0	0	0	0	0	0	0	0	0	0	0	0	150	0	0	75
chr9_5872100_5872600	0	0	0	25	500	0	0	0	0	0	0	0	0	0	500	0	0	0	0	0	0	500	0	0	0	0	0	0	0	0	0	0	0	0	0	0	0	325	250	0	0	0	0	0	0	0	0	0	25
chr9_21029900_21030300	0	0	250	0	400	0	0	0	0	0	0	0	0	0	0	75	0	0	0	0	0	375	0	0	0	0	0	0	0	0	0	0	0	0	0	0	0	0	0	0	0	0	0	0	0	0	0	0	0
chr9_36873200_36873700	0	0	0	0	0	0	500	0	0	0	0	0	0	0	0	0	0	0	0	0	0	450	0	0	0	0	0	375	0	0	0	0	0	0	0	0	0	0	0	0	0	0	0	0	0	0	0	0	100
chr9_37367000_37367300	250	0	0	0	300	0	300	0	250	50	0	0	0	0	300	0	300	0	0	0	0	300	0	0	0	0	0	0	0	0	50	275	0	300	0	300	0	50	200	0	0	0	0	300	125	125	125	0	0
chr9_68659800_68660100	0	300	0	300	0	0	300	0	0	0	0	0	0	300	300	300	0	300	0	0	0	300	0	0	75	0	0	0	0	0	0	0	75	300	0	0	0	0	0	0	0	0	0	0	300	225	0	300	0
chr9_83850450_83850850	0	250	0	0	400	250	400	400	250	0	0	0	0	0	0	0	0	0	0	0	0	375	0	0	0	0	0	0	0	0	0	0	0	0	0	0	0	0	0	400	0	0	0	0	0	0	0	0	0
chr9_85980050_85980450	0	0	0	0	400	0	0	0	0	0	0	0	0	175	0	0	0	0	0	0	0	400	0	0	0	0	0	250	0	0	0	0	0	0	0	0	0	0	0	0	0	0	0	0	0	0	0	0	100
chr9_94933750_94934050	300	250	50	0	300	0	300	300	0	0	0	0	0	50	0	0	0	0	0	0	0	275	0	0	200	250	0	0	0	0	300	0	0	0	125	0	0	0	0	0	50	0	0	0	0	0	0	0	0
chr9_100311000_100311450	0	0	0	0	450	0	0	0	0	0	0	0	0	0	150	0	0	0	0	0	0	450	0	0	75	0	0	0	0	0	0	0	0	375	0	0	0	0	0	0	0	0	0	0	0	0	0	300	0
chr9_111627000_111627550	0	525	0	175	550	0	0	0	0	0	0	0	0	250	550	0	0	0	0	0	0	550	0	0	0	0	0	0	0	0	0	0	0	0	0	0	0	300	0	0	0	0	0	100	0	0	0	0	0
chr9_114498900_114499300	0	0	0	0	400	0	0	0	0	0	0	0	0	0	0	0	0	0	0	0	0	400	0	0	0	0	0	0	25	0	0	0	0	0	0	0	0	0	0	0	0	0	0	150	0	75	0	0	0
chr9_124808850_124809150	0	225	0	0	0	0	300	150	0	0	0	0	0	0	0	0	0	0	0	0	0	300	0	0	0	0	0	0	0	0	0	0	0	0	0	0	0	0	0	0	0	0	0	0	0	0	0	0	0
chr9_124850550_124850850	0	0	0	0	300	0	0	0	0	0	0	0	0	0	300	75	0	0	0	0	0	300	0	0	0	0	0	0	0	0	0	0	0	0	0	0	0	0	0	0	0	0	0	0	0	0	0	0	0
chr9_124899150_124899600	0	0	0	0	0	0	450	0	0	0	0	0	0	0	375	0	0	0	0	0	0	450	0	0	300	75	0	225	0	0	0	0	0	0	0	0	450	0	300	0	0	0	0	450	0	0	0	0	0
chr9_132067950_132068250	0	300	0	0	300	0	300	0	0	0	0	0	0	0	300	0	0	0	0	0	0	0	0	0	0	0	0	0	0	0	0	0	0	0	0	0	0	0	0	0	0	0	0	150	0	0	0	0	0
chr9_133178100_133178500	0	0	0	0	400	0	0	0	0	0	0	0	0	325	400	0	0	25	0	0	0	375	0	0	0	0	0	0	0	0	0	300	0	0	0	0	0	0	0	0	0	0	0	0	0	0	0	0	25
chr9_133776150_133776700	0	0	0	0	0	0	450	0	0	0	0	0	0	0	375	0	0	550	0	0	0	550	0	0	0	550	375	0	0	0	0	0	0	75	0	0	0	450	0	0	0	375	0	0	0	0	0	0	0
chr9_135859700_135860000	50	50	0	0	275	0	300	125	0	0	0	0	0	0	0	0	0	0	0	0	0	300	0	0	0	0	0	0	275	0	0	0	0	0	0	0	0	0	0	0	0	0	0	250	0	0	0	0	250
